anchor_id,source_id,zotero_collection_key,zotero_parent_key,zotero_attachment_key,anchor_kind,species_or_system,temperature_K,temperature_condition,loading_fraction,concentration_basis,value_type,value,low,high,units,source_locator,evidence_label,claim_scope,assumption_note
melnikov_co2_loading_05,Melnikov2019,9T8XETPA,Q7YH3C6S,IZR3IG7A,md_self_diffusion_trend,CO2,313,313 K; 30 wt% MEA/water,0.5,30 wt% MEA/water,relative_to_unloaded,0.5,0.4,0.6,ratio,PDF Fig. 5; ESI Table S4 referenced but absent,verified,non_predictive_mobility_sensitivity,Approximate trend/UQ band only; not digitized and not converted to cross-friction
jerng_mea_before,Jerng2022,9T8XETPA,9E3J7YTX,EV4GFTNB,measured_dosy_self_diffusion,MEA,,'ambient DOSY conditions',,0.1 M MEA/D2O,absolute_diffusivity,8.8e-10,,,m2/s,PDF p. 10; transport paragraph and Fig. 7A,verified,non_predictive_low_concentration_anchor,MEA before CO2; low-concentration anchor only
jerng_mea_meah_after,Jerng2022,9T8XETPA,9E3J7YTX,EV4GFTNB,measured_dosy_self_diffusion,MEA/MEAH+ indistinguishable,,'ambient DOSY conditions',,0.1 M MEA/D2O,absolute_diffusivity,8.4e-10,,,m2/s,PDF p. 10; transport paragraph and Fig. 7A,verified,non_predictive_low_concentration_anchor,MEA and MEAH+ cannot be separated by DOSY
jerng_meacoo_after,Jerng2022,9T8XETPA,9E3J7YTX,EV4GFTNB,measured_dosy_self_diffusion,MEACOO-,,'ambient DOSY conditions',,0.1 M MEA/D2O,absolute_diffusivity,6.8e-10,,,m2/s,PDF p. 10; transport paragraph and Fig. 7A,verified,non_predictive_low_concentration_anchor,Carbamate self-diffusion; not a full mobility law
lv_mea_probe,Lv2026,,,IZ6ZUK7C,measured_probe_solution_diffusion,CO2-loaded 2 M MEA,,'test temperature not retained here',,CO2-loaded 2 M solution,absolute_diffusivity,3.94e-10,,,m2/s,PDF p. 11979; Effect of mass transport paragraph; Fig. 6a/S8,verified,non_predictive_probe_anchor,Ferrocenemethanol probe/solution diffusion; local storage companion not linked in current DB snapshot
lv_dea_probe,Lv2026,,,IZ6ZUK7C,measured_probe_solution_diffusion,CO2-loaded 2 M DEA,,'test temperature not retained here',,CO2-loaded 2 M solution,absolute_diffusivity,3.06e-10,,,m2/s,PDF p. 11979; Effect of mass transport paragraph; Fig. 6a/S8,verified,non_predictive_probe_anchor,Ferrocenemethanol probe/solution diffusion; not species mobility
lv_tea_probe,Lv2026,,,IZ6ZUK7C,measured_probe_solution_diffusion,CO2-loaded 2 M TEA,,'test temperature not retained here',,CO2-loaded 2 M solution,absolute_diffusivity,1.91e-10,,,m2/s,PDF p. 11979; Effect of mass transport paragraph; Fig. 6a/S8,verified,non_predictive_probe_anchor,Ferrocenemethanol probe/solution diffusion; not species mobility
huang_model_progress_0,Huang2025,9T8XETPA,BLSZVRCU,,secondary_model_only,30 wt% aqueous MEA,313,approximate 313 K,0,30 wt% MEA,absolute_diffusivity,9.4e-10,9.4e-10,9.4e-10,m2/s,DOI record; exact Chinese source text not locally retained,reference-backed,non_predictive_model_band,Secondary/model-only endpoint; no measured species mobility
huang_model_progress_1,Huang2025,9T8XETPA,BLSZVRCU,,secondary_model_only,30 wt% aqueous MEA,313,approximate 313 K,1,30 wt% MEA,absolute_diffusivity,3.8e-10,3.8e-10,3.8e-10,m2/s,DOI record; exact Chinese source text not locally retained,reference-backed,non_predictive_model_band,Secondary/model-only endpoint; do not interpolate as a measured law
