Position,Cl_CO2,Cl_MEA,Cl_H2O,Cl_CO2_true,Cl_MEA_true,Cl_H2O_true,Cl_MEAH_true,Cl_MEACOO_true,Cl_HCO3_true,Cl_CO3_true,Cl_H3O_true,Cl_OH_true
0.0,1955.7723028303558,4717.35996181657,36477.800758273595,0.5769928391399425,1295.9467369944307,44806.23190746344,2593.095671180677,1965.0401732805446,294.8467872957303,166.58267096041766,1.604835402209155e-05,0.04338473192092792
0.01,1929.5800673870676,4701.246471184189,36510.76301036029,0.6220949989073746,1329.774506642729,44734.04029100118,2534.673529227258,1951.657513033868,286.79497174795887,148.08835791509924,1.7089992938482712e-05,0.044345705224802134
0.02,1906.0585025307319,4687.977941237179,36541.033107445764,0.6540156815538436,1360.7767102309506,44669.88710546483,2485.3900372828257,1937.7157416619884,278.9037624012064,134.36263006671462,1.787545548491734e-05,0.045290961657395594
0.03,1884.4577672957914,4676.702407040907,36569.26851539791,0.6762117147127226,1389.8063116148937,44611.33649298127,2442.2268602789177,1923.6469119553021,271.2746710967346,123.62953595878693,1.8474655684456684e-05,0.04622378396309278
0.04,1864.316152680265,4666.902325804136,36595.91095502166,0.691001512383304,1417.3675049574322,44556.926292329685,2403.4576131419126,1909.627876632598,263.93818405257025,114.92221228254189,1.8932460576478568e-05,0.04714682412151911
0.05,1845.3387781051965,4658.268637372827,36621.26265726123,0.6998357518565086,1443.7875086560664,44505.75781852014,2368.0393973047485,1895.7390197037341,256.89028145239905,107.68102612398522,1.9276015437662094e-05,0.04806317666017623
0.06,1827.2697637206693,4650.52812245847,36645.55390115148,0.7041774594908465,1469.3333851157756,44456.998848607705,2335.156067242722,1881.9842157673752,250.12027730109688,101.5013094050551,1.953248409618495e-05,0.0489748966232711
0.07,1809.9549777286124,4643.522023202202,36668.96472323999,0.7048599041281911,1494.1658404572374,44410.207186900756,2304.3184017182652,1868.369729798056,243.61192845423764,96.14343966115248,1.971673077491314e-05,0.04988386039770872
0.08,1793.2583659350275,4637.112092518983,36691.636040141355,0.7026592632158126,1518.4243678843025,44364.9682949495,2275.126294900691,1854.878868334164,237.3479292087732,91.42436276509845,1.984274309415248e-05,0.050791670299921876
0.09,1777.0795551297037,4631.195889080546,36713.6815827281,0.6981587370054297,1542.2087025708722,44320.99027106014,2247.291356082241,1841.4959274983655,231.3125096184433,87.21561967611356,1.9920891323177133e-05,0.051699534096024326
0.1,1761.3441148657703,4625.700130837733,36735.190232626206,0.6917825207940222,1565.5933621711679,44278.065814423375,2220.6034493037705,1828.208666469811,225.4907652845656,83.42571448117853,1.995859725175755e-05,0.05260854563333296
0.11,1745.9854268719819,4620.558310177697,36756.23720457898,0.6839207780436363,1588.642960320105,44236.00320337456,2194.8833261654554,1814.9997802220362,219.86913205208944,79.98045713724304,1.9962827275572014e-05,0.05351957967113747
0.12,1730.9573649243302,4615.724936636533,36776.880094238884,0.674846531235633,1611.4015508884552,44194.680251195816,2170.0048845356873,1801.860250348357,214.43599673831795,76.82711203353888,1.993832829779892e-05,0.054433320263110214
0.13,1716.2184111195354,4611.159222543407,36797.16791734809,0.6648045610541645,1633.908278349237,44153.9836353908,2145.858995752164,1788.7790807506424,209.1805883723129,73.92199807560145,1.9889451626954505e-05,0.05535036745673742
0.14,1701.7361094318057,4606.8285528660535,36817.13997007925,0.6539936697687107,1656.1923544263393,44113.82783319411,2122.360105417217,1775.7484461893023,204.093663841543,71.23087202957711,1.9819731984960124e-05,0.05627114694910531
0.15,1687.4853216917475,4602.707667177033,36836.82729354362,0.642571227486261,1678.275766265764,44074.14955700419,2099.4413332211234,1762.7634877403566,199.16703110691176,68.72681905696687,1.9731959185556226e-05,0.05719599188079367
0.16,1673.4433606073728,4598.773161869899,36856.256655949845,0.6306806863094363,1700.177459132204,44034.890480433816,2077.0437457129046,1749.8188819936613,194.39324264765804,66.38675777655037,1.9628750558791295e-05,0.058125147235068814
0.17,1659.5942828749498,4595.007674392985,36875.447758995564,0.6184335110776388,1721.9092436191656,43996.01360126766,2055.1236543983628,1736.9132640839487,189.7659907071175,64.19268019732728,1.9512122856619818e-05,0.059058724763997726
0.18,1645.923839922327,4591.395339576141,36894.417366251844,0.6059295295890059,1743.4810814314478,43957.48546937282,2033.6425743646168,1724.045187989685,185.2794212367873,62.12899386762451,1.9383937503294564e-05,0.05999678683255785
0.19,1632.4212180772179,4587.922917697998,36913.1781337005,0.5932536083919597,1764.898928346259,43919.282717126865,2012.569834562111,1711.2150360121252,180.92843860103704,60.18271995427158,1.9245801713816166e-05,0.060939286207072535
0.2,1619.0785691564436,4584.57970320597,36931.73916397513,0.5804762894657776,1786.1655571475992,43881.390759102185,1991.8814033362744,1698.4248900162263,176.70850794673123,58.34306918748066,1.909907222274888e-05,0.061886097427856834
0.21,1605.889093925059,4581.355654455711,36950.10777318843,0.5676616532356782,1807.2824007711883,43843.79725311374,1971.5561420688537,1685.6769395370807,172.6154237366063,56.60048035077747,1.8945030081192846e-05,0.06283703864187633
0.22,1592.8490121007692,4578.242982467943,36968.28784323598,0.5548624082953518,1828.2474001665914,43806.49913025455,1951.578998359175,1672.9755178232317,168.64556874970575,54.94706937447809,1.878474703468959e-05,0.06379182202769584
0.23,1579.9553389901653,4575.234493873785,36986.28193591889,0.5421256051342496,1849.0575943545489,43769.49510242787,1931.9370009847469,1660.3251208198815,164.79552292628506,53.37581286990316,1.8619222293145855e-05,0.06475011799687143
0.24,1567.2067469174817,4572.3240418106725,37004.09053363577,0.5294920550888863,1869.7079596374995,43732.78868055772,1912.6205333925566,1647.7313337673343,161.06222976766006,51.88063839666619,1.844935507557915e-05,0.06571151358490407
0.25,1554.6033779902782,4569.506537291874,37021.712298236474,0.5169963706061641,1890.1917811058229,43696.38768059534,1893.622918347548,1635.200744971918,157.44290556989088,50.45630527672247,1.8275940526403084e-05,0.06667552823462454
0.26,1542.1458994338427,4566.777172058254,37039.145012795125,0.5046696039366757,1910.50167938746,43660.30107096948,1874.938730093077,1622.7400833878198,153.93489724732942,49.098062961035986,1.8099732664992214e-05,0.06764163558823794
0.27,1529.836509158275,4564.132116720208,37056.38464610157,0.49253776469400345,1930.628418620962,43624.54244058976,1856.5653622140528,1610.357267050717,150.53583356931216,47.801835144168486,1.7921396049912802e-05,0.06860922708297663
0.28,1517.6778040912147,4561.567810215928,37073.42651498615,0.4806236697034608,1950.5623381411422,43589.126253479786,1838.5011251514047,1598.0603257891976,147.2434145483953,46.563912449456964,1.774155414962616e-05,0.06957765645205656
0.29,1505.6732000024904,4559.0811556458975,37090.264888469,0.46894691401401695,1970.2927680129064,43554.069286051366,1820.7458559019353,1585.857851439727,144.05549423841398,45.38099078424308,1.7560780712109647e-05,0.07054621608897045
0.3,1493.826815126978,4556.669539814545,37106.89316134513,0.4575238327370178,1989.8082714712775,43519.390305736095,1803.3007016193208,1573.7589119409931,140.97003442352445,44.25012924293754,1.7379595620943264e-05,0.07151414852348693
0.31,1482.1430054006212,4554.330473732121,37123.304319618175,0.446368600931843,2009.0971684639658,43485.108507258694,1786.1673325777633,1561.7726016802887,137.98504128194926,43.1686130774358,1.7198491804882453e-05,0.07248065914525692
0.32,1470.6267620328945,4552.061911450772,37139.49062053165,0.4354926069084619,2028.1471093595565,43451.24493010917,1769.3485558374314,1549.9084615005904,135.0986148581853,42.13402579558889,1.701791267411049e-05,0.07344490539051644
0.33,1459.283225002262,4549.861931224404,37155.44406280182,0.42490531917385377,2046.9456765196792,43417.82079881607,1752.847521444931,1538.175996987036,132.30887679173566,41.14412924461579,1.683827427842342e-05,0.07440601520216507
0.34,1448.1177787442841,4547.728809422092,37171.15635191777,0.4146142491469681,2065.480280254421,43384.85790301547,1736.6678605063062,1526.584784300664,129.613985835058,40.19687197297397,1.665996025372759e-05,0.07536308459664405
0.35000000000000003,1437.1359602492353,4545.661039461049,37186.61904186981,0.40462491877801143,2083.7383509705737,43352.37833051367,1720.8135422661667,1515.1443834169759,127.01211398891616,39.290373077456415,1.6483318332693584e-05,0.07631518868012022
0.36,1426.3433339517153,4543.6571613533715,37201.82360126628,0.39494156545800957,2101.707409078449,43320.40397830562,1705.2886516705103,1503.8642151125953,124.50145245242732,38.42286951783531,1.630867667147431e-05,0.07726137849396494
0.37,1415.7454078610485,4541.715893749055,37216.76167828894,0.3855665762293549,2119.375346572579,43288.95644510055,1690.0972933681383,1492.7534755454317,122.08017005973541,37.59273159784534,1.6136326459352345e-05,0.07820070360707079
0.38,1405.3476493127955,4539.836008082364,37231.42494696748,0.37650124468208984,2136.730278835446,43258.05693698003,1675.2435821526658,1481.821157730627,119.74645140628925,36.798428391888,1.5966539083710982e-05,0.0791321985127744
0.39,1395.1553177514143,4538.016335109116,37245.80540709449,0.3677455872292427,2153.7608572716963,43227.7258306702,1660.7314105248217,1471.0758778265244,117.49845899017221,36.03851730256892,1.5799559784523296e-05,0.08005490254654878
0.4,1385.173398348961,4536.255787667043,37259.89549157439,0.3592983240430524,2170.456412816798,43197.982480350795,1646.564360586723,1460.525806598017,115.33432305558864,35.31163934900856,1.563560476906075e-05,0.08096787070543612
0.41000000000000003,1375.406745206107,4534.553283491308,37273.68778354002,0.35115753389958004,2186.8066145285525,43168.84556311592,1632.7458900159784,1450.1788237111625,113.25219981251719,34.61650590775205,1.547487601028012e-05,0.0818701516703117
0.42,1365.8596378233067,4532.907782751325,37287.17575520405,0.3433199621356012,2202.8023197344987,43140.33186187966,1619.2787284264225,1440.04204882872,111.25016441217932,33.95188483031117,1.5317542564162024e-05,0.08276084244273879
0.43,1356.5361828165896,4531.318263177727,37300.353099875596,0.33578185947193506,2218.4348058476153,43112.45736382279,1606.1654324545268,1430.122270087346,109.32632326576476,33.3166076109493,1.5163759260075507e-05,0.08363904327657666
0.44,1347.4399674483022,4529.783691043036,37313.214271867626,0.3285386715507783,2233.696375035826,43085.23627667285,1593.407907653195,1420.4255782780838,107.47874276854405,32.7095488623521,1.5013658375165287e-05,0.08450389552183041
0.45,1338.5740298184967,4528.303050497379,37325.75454354927,0.3215850268811733,2248.580432617862,43058.68095049504,1581.0073789410023,1410.9573364578812,105.70544784804655,32.12962745591244,1.4867347345130552e-05,0.08535459059687713
0.46,1329.941182833133,4526.8753107981665,37337.96947681402,0.31491538420626375,2263.08085204594,43032.80278725797,1568.9648351764183,1401.722529640415,104.00450789508804,31.575811016818335,1.4724924120063215e-05,0.0861903322026872
0.47000000000000003,1321.5433788096109,4525.4994234744,37349.85592118478,0.3085232694118183,2277.193135879178,43007.61043281437,1557.2801643620862,1392.7250878287007,102.37390028518706,31.047090211726825,1.4586457119540856e-05,0.08701041120155914
0.48,1313.3823350864707,4524.174343569699,37361.41104059573,0.30240213185817333,2290.9132781103895,42983.111574973176,1545.9530189184018,1383.9685595519418,100.81165370926962,30.542502985221276,1.4452005383407497e-05,0.08781413875296946
0.49,1305.4591179154004,4522.898988392021,37372.63294598301,0.2965449859208108,2304.2384826423713,42959.31174521449,1534.9822460136625,1375.4556700788678,99.31576632005381,30.06111152193182,1.4321609455855407e-05,0.08860089248644086
0.5,1297.7741520275817,4521.6722718079545,37383.52069691654,0.2909443989430129,2317.1671726455,42936.21436477072,1524.3659121237497,1367.188334988114,97.8842089652872,29.60200612182684,1.419528969180327e-05,0.08937012198459938
0.51,1290.3276154157882,4520.49308809195,37394.07367776474,0.28559307373568665,2329.6982414330982,42913.821883723554,1514.1018412526125,1359.1680902530748,96.51501358983482,29.16431508981318,1.4073061174910571e-05,0.09012130313775041
0.52,1283.118792989301,4519.360301802377,37404.29260297044,0.2804831364974877,2341.8322246258394,42892.13392692281,1504.1867406110146,1351.3954004345876,95.20614198492856,28.747179065257544,1.3954914744983621e-05,0.09085401589820649
0.53,1276.146741649718,4518.272779263152,37414.17849594029,0.2756068882979897,2353.5701019101957,42871.149232367636,1494.6171100972308,1343.8703807258119,93.95562140761801,28.34977696669018,1.3840836020705163e-05,0.09156787125660554
0.54,1269.4099088835535,4517.229351448268,37423.73326737427,0.270956477966122,2364.913955280234,42850.8645503875,1485.388723127198,1336.5923909279522,92.76147134636614,27.97130601445854,1.3730797122458683e-05,0.0922625547598882
0.55,1262.9061715249702,4516.22884882572,37432.959674353544,0.2665238862778142,2375.866926577547,42831.27477967656,1476.4966867245587,1329.5600818500031,91.62170814839938,27.610986261435535,1.362475549546831e-05,0.09293782804042582
0.56,1256.6331983897705,4515.270086805164,37441.860748597486,0.2623013847649277,2386.432531594576,42812.3740220664,1467.9359290887498,1322.7717934619627,90.5344174904736,27.26806908694058,1.352266667978614e-05,0.09359348509913379
0.5700000000000001,1250.5879316674393,4514.351865448304,37450.4406092831,0.25828097009247875,2396.6156071994396,42794.154097381106,1459.7005024059904,1316.224998360188,89.49765158936711,26.941818231883623,1.3424468810681792e-05,0.09422941713688564
0.58,1244.7671409335303,4513.472990539448,37458.70360981814,0.2544549273093939,2406.42131087522,42776.60616379113,1451.7843304053467,1309.9169072043455,88.50953269558534,26.631529143371804,1.3330098022914482e-05,0.09484554877036946
0.59,1239.1671444735784,4512.632249337892,37466.654764249404,0.25081558306372487,2415.85560404458,42759.71991717167,1444.1808301167603,1303.8441719463883,87.56819952445949,26.336515007311334,1.3239482171338246e-05,0.0954418707713935
0.6,1233.783860029702,4511.8284415175785,37474.29968704659,0.24735528556095854,2424.9251863341156,42743.483761385905,1436.8829830747002,1298.00294541819,86.67181106155066,26.05611065446553,1.3152540016208447e-05,0.09601843856830827
0.61,1228.6130688321914,4511.060360059068,37481.64417057088,0.244066717507284,2433.636989421374,42727.885575036766,1429.8836841650223,1292.38917322033,85.81859490529608,25.789676885246696,1.3069190732658994e-05,0.09657533809344673
0.62,1223.65009010197,4510.326805880305,37488.69470930189,0.2409425131191781,2441.998785726197,42712.91179103647,1423.1753063346293,1286.998244379648,85.00678158070554,25.536590317361664,1.2989343068587468e-05,0.09711272889546263
0.63,1218.8901450263565,4509.6265907126835,37495.457929257675,0.23797561421270869,2450.018522302865,42698.54845662753,1416.7501842348524,1281.8253914815468,84.23466790309466,25.296253481865342,1.2912905935831863e-05,0.09763079938659659
0.64,1214.3282026198706,4508.958527683582,37501.94083071611,0.23515911700031977,2457.70459205749,42684.78079825728,1410.60040446117,1276.8655272772749,83.50058564791877,25.068087295126645,1.283978451581858e-05,0.09812978550741229
0.65,1209.9590270103834,4508.321455697777,37508.15073016025,0.23248624965756812,2465.065770295866,42671.59337738049,1404.717868325809,1272.113299801863,82.80290362861439,24.851533848669607,1.276987965770108e-05,0.09860996787196943
0.66,1205.777321858614,4507.714215197196,37514.0950182759,0.22995055227395364,2472.110925196342,42658.970503678116,1399.0944774975392,1267.5632535916566,82.14005226605747,24.64605634617986,1.2703093955353765e-05,0.09907165055978277
0.67,1201.7775958951534,4507.135675490025,37519.78139755726,0.22754566248694458,2478.8492905251114,42646.89587416863,1393.7219549711624,1263.2096863334248,81.51049231643304,24.451136889547822,1.2639325442903048e-05,0.09951518153451179
0.68,1197.9543292756025,4506.584720472783,37525.21760582439,0.22526549381393587,2485.290146809851,42635.35304710435,1388.5920603857737,1259.0468335381609,80.9127421024176,24.266278197147646,1.2578473543896386e-05,0.09994092937347274
0.6900000000000001,1194.3019301096213,4506.060251637511,37530.411495178174,0.22310416394091176,2491.442903644109,42624.32533165025,1383.6965289443601,1255.0688240356624,80.34536529384768,24.091001423142497,1.2520437309544617e-05,0.1003492890023804
0.7000000000000001,1190.8147695749628,4505.561205360604,37535.37098863967,0.22105597241389036,2497.3170530276684,42613.79590278061,1379.0271159686627,1251.269720852066,79.80697124552108,23.924847828685312,1.2465114935869197e-05,0.10074067881972774
0.71,1187.4872203703233,4505.086525601108,37540.10399889948,0.21911547907608808,2502.922072045577,42603.747900707494,1374.5756408540235,1247.643565949423,79.29622097058015,23.767375407223508,1.2412406928651033e-05,0.10111553198011697
0.72,1184.3136711456364,4504.635198771399,37544.6184406011,0.21727741860121294,2508.26743182474,42594.1645052589,1370.3340062957059,1244.1843978664333,78.81182180668434,23.618162343258597,1.2362213418939113e-05,0.10147429828436523
0.73,1181.2885333902925,4504.20622758382,37548.92219241409,0.21553675057834334,2513.3625594966497,42585.0289365555,1366.294200593089,1240.886261668575,78.35252819557229,23.476802801954268,1.2314436454887828e-05,0.10181743946942044
0.74,1178.4062775023708,4503.798642330893,37553.02305746413,0.2138886468496035,2518.216784165214,42576.32457765038,1362.4483430196153,1237.7432500538316,77.91714298930216,23.342908410057753,1.2268979812678148e-05,0.10214542534609185
0.75,1175.6614537472806,4503.411512005766,37556.928737974275,0.21232847088265336,2522.83931067336,42568.03504334714,1358.7887090085555,1234.7495279024333,77.50451651546842,23.2161090423244,1.2225748580091016e-05,0.10245873175359928
0.76,1173.0486549180937,4503.043916567464,37560.64687022745,0.2108517896128371,2527.239260781085,42560.14405567685,1355.3076745332792,1231.899293350885,77.11354045020066,23.096047537716096,1.2184650226810446e-05,0.10275784141181751
0.77,1170.5626256831579,4502.694984219757,37564.18489099263,0.2094543720996937,2531.4255117595662,42552.63579424276,1351.9978610027028,1229.1868982371402,76.74315882606656,22.98238642577956,1.2145594377760995e-05,0.10304323353104511
0.78,1168.1981643235133,4502.3638593488895,37567.55015852205,0.20813216081478186,2535.4068445928406,42545.49458566857,1348.8519991418314,1226.6067424136018,76.3923527150565,22.874800364785372,1.2108492660140304e-05,0.10331539209472189
0.79,1165.950205320577,4502.049718098904,37570.749842745674,0.20688129470688568,2539.1918096802005,42538.7051616647,1345.8630365561498,1224.1533649259966,76.06014950496002,22.77297970108386,1.2073259481673825e-05,0.1035747962851042
0.8,1163.8138284088398,4501.75177522569,37573.790915515056,0.20569809069606823,2542.7887182057043,42532.252689779314,1343.0241474083932,1221.8214549167863,75.74562121091341,22.67663070051924,1.2039811638968976e-05,0.10382191946660771
0.81,1161.784177020437,4501.469256886124,37576.68025410315,0.20457901982085636,2546.205764424559,42526.12251866864,1340.3286197610207,1219.6057636903324,75.44787197845551,22.585469432125574,1.2008068162655246e-05,0.10405723604990934
0.8200000000000001,1159.8566158393287,4501.201441445188,37579.42443417077,0.2035207440242735,2549.450780198206,42520.300668608645,1337.7700643946034,1217.5012773153203,75.16605713128467,22.49923036047828,1.1977951173953575e-05,0.10428120499325988
0.8300000000000001,1158.026576483864,4500.9476211504,37582.02993413825,0.2025200563573193,2552.5314787590764,42514.773354232624,1335.3422057141854,1215.5030491246182,74.89936042492577,22.41765691450469,1.1949384709248399e-05,0.10449428501661312
0.84,1156.2896620767226,4500.707128968096,37584.50299741893,0.2015739039226068,2555.455291825448,42509.52730980231,1333.039019731064,1213.6063143835274,74.64700630090945,22.34050702273146,1.192229528957436e-05,0.10469692345922524
0.85,1154.6416593684437,4500.479396896401,37586.84965088331,0.20067927675647038,2558.229407275831,42504.54985091772,1330.8547535120028,1211.8065036703406,74.40825415102319,22.267559013054395,1.189660784806818e-05,0.10488956113833088
0.86,1153.0784038230702,4500.263765251459,37589.075786399684,0.19983346056176596,2560.860823151236,42499.8283911484,1328.7837275986224,1210.0990975607278,74.18239496075182,22.198587161276482,1.1872256293652714e-05,0.10507262684568978
0.87,1151.596098064606,4500.0602258010285,37591.18715419101,0.19903285850426758,2563.3565190034487,42495.35171135705,1326.8208241955344,1208.4799688316841,73.9687246183196,22.13344800520425,1.184913687417436e-05,0.10524658425918715
0.88,1150.1909824434433,4499.868639663689,37593.189363368416,0.19827423266252917,2565.723266753095,42491.10864277543,1324.9609768129083,1206.9450294526105,73.76657056815537,22.071988369108848,1.1827157465692865e-05,0.10541188108198801
0.89,1148.859740968842,4499.690183717208,37595.08818794919,0.19755226939176673,2567.9683539150897,42487.08989755354,1323.1998403883301,1205.4906623036018,73.5752081688432,22.014206326165926,1.1806141898110554e-05,0.10556906969538012
0.9,1147.6011377009881,4499.53519620586,37596.89209011405,0.19684607335112975,2570.1045370295838,42483.296319759604,1321.5366837559873,1204.1154427679767,73.39332666890019,21.961103281651642,1.1785299334266924e-05,0.10571954110685493
0.91,1146.4108851224098,4499.399192904275,37598.604722643126,0.19616057552326327,2572.135141714653,42479.71328054375,1319.9653588843166,1202.814735416858,73.22064463213076,21.912063649549417,1.1764847797247844e-05,0.105863301076839
0.92,1145.3030661165856,4499.364190600873,37600.2570542388,0.19535274292694435,2574.117506941099,42476.41804583357,1318.512043054009,1201.6032352912866,73.05107897308818,21.875866055396294,1.1739176957547359e-05,0.10600841801835414
0.93,1144.2882339484531,4499.495424109032,37601.87423257261,0.19431081917640153,2576.098472190392,42473.46955514746,1317.1966240986694,1200.4919011625375,72.87974406780563,21.85941458026958,1.1703865905638604e-05,0.10616141165293336
0.9400000000000001,1143.4163013214152,4500.045151877348,37603.54129485602,0.19260997129658217,2578.242393503507,42471.124484954074,1316.1083971472663,1199.5329346833837,72.68922661208246,21.889950576543445,1.1642037040192482e-05,0.1063463407500199
0.9500000000000001,1143.00069435461,4502.526124099209,37605.74136862415,0.18775531460201625,2581.5092318193424,42470.95952719894,1315.8035771962113,1199.053184986874,72.37739604852237,22.133150987656716,1.145381355333615e-05,0.1067056393152722
0.96,1143.6145354739876,4509.708912946365,37609.28080560966,0.17563236918135966,2587.662255871523,42475.788283473026,1317.3176154023852,1199.6337019747011,71.75705117199614,22.909686672763893,1.0967286891487041e-05,0.10749987744728401
0.97,1146.9516786604556,4529.857063537822,37616.142150152875,0.1463901036027179,2602.005417301801,42493.56692499192,1323.8516344242262,1202.876447758059,70.26086634750287,25.30241321711273,9.731347493949079e-06,0.10950361578660744
0.98,1156.1301280372343,4578.853516517028,37627.889104373266,0.09344553707304629,2635.0697911461057,42536.90149684275,1342.4029869766296,1210.820119499428,66.72324109043579,32.3727214513402,7.225969797429355e-06,0.11419071005531584
0.99,1172.14876739852,4663.501596284506,37634.96868792628,0.041589302068132966,2692.257640270452,42598.36088851746,1380.3169945369855,1219.6652083480215,60.414838138861,50.0574755196653,4.192342282130129e-06,0.12200120311459021
1.0,1189.2531897169913,4757.012758867965,37623.16639255617,0.015994157226691893,2756.886103460737,42636.925772047136,1434.1843326819273,1216.9633277021828,52.96735563482014,82.06176346698233,2.186966156818829e-06,0.1301245979258167
