Position,Tl,Hl_CO2,Hl_MEA,Hl_H2O,Hl_T,Fl_T,Hlf,Hl_CO2_trn,Hl_H2O_trn,Hl_trn,ql,Hl_flux,dHlf_dz,dTl_dz,dHl_dT
0.0,323.9363933238155,-83999.99999,-53649.47598729294,-48048.20796299912,-50290.030093818554,89.00172958569635,-4475899.659266571,-58903.28699588879,284842.68148356787,-3213.711580514487,-51024.20091311981,-54237.91249363429,54237.91249363429,229.10450107617794,82.44268718218203
0.01,325.98359019807856,-83999.99999,-53297.07109438815,-47894.05265874856,-50097.732185908084,89.28744481202345,-4473098.497756799,-54321.99209796798,238265.96243217465,-3250.6416806113702,-36426.02704082637,-39676.66872143774,39676.66872143774,182.1068161878652,82.51759054360812
0.02,327.6305101477767,-83999.99999,-53012.80720560567,-47770.023340891974,-49940.75150106948,89.52662562407991,-4471026.963021454,-50929.32254222093,205126.21456084133,-3123.3562885228466,-27227.008348603766,-30350.36463712661,30350.36463712661,149.76798884465595,82.58242478888964
0.03,329.00430453940305,-83999.99999,-52775.16380867001,-47666.551064276304,-49807.969881193785,89.7328191000551,-4469409.551090155,-48323.737724760096,180580.619353305,-2951.3430398177743,-21141.3110914656,-24092.654131283372,24092.654131283372,126.5043740686469,82.64013012132612
0.04,330.1797929974549,-83999.99999,-52571.446178719896,-47578.00525207715,-49692.82289456192,89.91437155306973,-4468098.94126253,-46269.67644470336,161809.79037502877,-2776.2405100659225,-17010.887940147462,-19787.128450213386,19787.128450213386,109.20469305012497,82.6924895165827
0.05,331.2012158208669,-83999.99999,-52394.145290725675,-47501.0568561987,-49591.410644755306,90.0763006794849,-4467010.816356787,-44631.00560016164,146991.9540195826,-2610.1208519452903,-14184.607042311483,-16794.727894256772,16794.727894256772,95.92610481140426,82.74059405498024
0.06,332.10703049190727,-83999.99999,-52236.690919346685,-47432.81121389795,-49500.33825863942,90.22305051159715,-4466071.51905037,-43290.676732133106,135164.95981779834,-2462.952763531077,-12117.77651070571,-14580.729274236786,14580.729274236786,85.51569435716557,82.78545344468904
0.07,332.9186342780815,-83999.99999,-52095.43611554663,-47371.658076534135,-49417.70680706651,90.35727122659523,-4465249.13736247,-42185.02534287429,125483.01779860503,-2331.881181456057,-10603.200212800828,-12935.081394256886,12935.081394256886,77.1502490830021,82.8276174907931
0.08,333.65471957573527,-83999.99999,-51967.18017184033,-47316.19043313277,-49341.85473431829,90.48125985211405,-4464513.179801117,-41259.24874213595,117464.53178279853,-2216.8972834842516,-9441.656215229008,-11658.55349871326,11658.55349871326,70.31015226232611,82.86759514753685
0.09,334.3287384866874,-83999.99999,-51849.617843804655,-47265.39570715749,-49271.5835273072,90.59674280736122,-4463844.980534866,-40474.31292480413,110738.82895894765,-2116.1883985289605,-8527.667720917496,-10643.856119446456,10643.856119446456,64.63198082118352,82.90575214449994
0.1,334.9502134180783,-83999.99999,-51741.11771846904,-47218.55716031765,-49206.041989995894,90.70496369270288,-4463232.252164191,-39803.10998351512,105006.57082363572,-2027.0831346187001,-7795.935668900075,-9823.018803518775,9823.018803518775,59.835431478812254,82.94235050718012
0.11,335.5277261647701,-83999.99999,-51640.2044596898,-47175.028719449634,-49144.46265249651,90.80705215135885,-4462663.783035758,-39221.170564745415,100089.74366686723,-1948.6280548530476,-7191.089276051889,-9139.717330904936,9139.717330904936,55.746820803136806,82.97763270306413
0.12,336.0670482873803,-83999.99999,-51545.88768143201,-47134.37594761481,-49086.328511539614,90.90378838693515,-4462133.219704579,-38712.192014206055,95811.0454779324,-1878.6322420161355,-6686.5687281307555,-8565.20097014689,8565.20097014689,52.21043907949505,83.01175908580954
0.13,336.5733597471544,-83999.99999,-51457.27619215306,-47096.20887464164,-49031.17515624617,90.99587080370536,-4461634.479871624,-38261.50536744947,92057.18735953818,-1815.98988062442,-6256.850595013349,-8072.8404756377695,8072.8404756377695,49.1231784748665,83.04487768109783
0.14,337.0507604009553,-83999.99999,-51373.66445142074,-47060.21884689385,-48978.63535834964,91.08385992049384,-4461163.162076865,-37857.3931365855,88735.19025300123,-1759.6153105948104,-5886.19760352645,-7645.81291412126,7645.81291412126,46.40444474706023,83.07710439280362
0.15,337.50242136503977,-83999.99999,-51294.507053891284,-47026.16714655347,-48928.42518588184,91.16819012646035,-4460715.969934766,-37490.7369753862,85762.50157302759,-1708.3304540599129,-5563.125940008116,-7271.456394068029,7271.456394068029,43.98386466055563,83.10852838422024
0.16,337.93127200946805,-83999.99999,-51219.29899917589,-46993.833218247724,-48880.28262710092,91.2492635370767,-4460289.791207124,-37152.977326778215,83087.48706621355,-1661.589257734132,-5277.632602652518,-6939.2218603866495,6939.2218603866495,41.817284922585536,83.1392328293105
0.17,338.3394795774716,-83999.99999,-51147.66735279471,-46963.05391584852,-48834.01477409934,91.32737820000055,-4459882.536298585,-36837.62771582478,80654.74888694573,-1618.5125021548445,-5023.663725778602,-6642.176227933447,6642.176227933447,39.859196056740224,83.16927667150759
0.18,338.72902739071924,-83999.99999,-51079.27023375112,-46933.679920297116,-48789.44531099632,91.40280575151412,-4459492.192485118,-36538.65734139416,78426.8198765564,-1578.6017460794749,-4795.329184361884,-6373.930930441358,6373.930930441358,38.07862558648465,83.1987143069453
0.19,339.1015673435061,-83999.99999,-51013.82292922737,-46905.58686883838,-48746.42835968952,91.47577209761847,-4459117.171203844,-36250.88506208752,76371.56546187702,-1541.394428161404,-4588.542754016015,-6129.937182177419,6129.937182177419,36.449820017927294,83.2275891667936
0.2,339.4584411176264,-83999.99999,-50951.094404527365,-46878.67376329198,-48704.84636085532,91.54645867906832,-4458756.204844412,-35969.96780609277,74458.49300410127,-1506.3812056053048,-4399.960661484807,-5906.341867090112,5906.341867090112,34.94839696498861,83.25593477975454
0.21,339.8009066035609,-83999.99999,-50890.86767781752,-46852.84590075579,-48664.58952828622,91.61503510159878,-4458408.077838838,-35691.763246323135,72668.04762484199,-1473.3137229363829,-4226.611817631467,-5699.92554056785,5699.92554056785,33.55906875953355,83.2837822358639
0.22,340.1299455426306,-83999.99999,-50832.973759202105,-46828.029384349604,-48625.5736569811,91.68163119286598,-4458071.910560881,-35412.879856381565,70978.0308579158,-1441.7997223391558,-4066.445795409708,-5508.245517748864,5508.245517748864,32.26460796887828,83.31115283636137
0.23,340.4464678231387,-83999.99999,-50777.25583588137,-46804.155719737544,-48587.72114537332,91.74636609762433,-4457746.8520527035,-35130.14115521359,69372.91678384523,-1411.606325390629,-3917.4398443460746,-5329.046169736704,5329.046169736704,31.053103204279687,83.33806583727464
0.24,340.7512545210369,-83999.99999,-50723.57936560355,-46781.16611348306,-48550.96651814205,91.80934026263718,-4457432.205144009,-34840.740394520704,67839.04715361354,-1382.5186517952213,-3778.1034985691617,-5160.622150364383,5160.622150364383,29.914326140105775,83.36453568462785
0.25,341.0449597144794,-83999.99999,-50671.83183319066,-46759.01133896599,-48515.25613190931,91.87063520229181,-4457127.397840391,-34542.26643568142,66362.93366056799,-1354.2937426120195,-3647.1409446774824,-5001.434687289502,5001.434687289502,28.838067405427747,83.390572318332
0.26,341.3282027537005,-83999.99999,-50621.90655201408,-46737.64477841161,-48480.539643583834,91.93032731116215,-4456831.877656434,-34232.46068055169,64935.88439027265,-1326.8134474203587,-3523.3897443150076,-4850.203191735366,4850.203191735366,27.818008375341496,83.41618452563853
0.27,341.60148507366534,-83999.99999,-50573.717365631,-46717.02869951102,-48446.77785822961,91.98847536371483,-4456545.231463119,-33909.45794329139,63547.72481198102,-1299.8882565390038,-3405.9963468228148,-4705.884603361818,4705.884603361818,26.84659188083616,83.4413764997838
0.28,341.86527613600737,-83999.99999,-50527.183540290476,-46697.12777388343,-48413.934558868394,92.04513326048432,-4456267.058135409,-33571.57375296324,62191.32453043558,-1273.406563511662,-3294.1110740106137,-4567.517637522275,4567.517637522275,25.918599955955756,83.46615145285651
0.29,342.1199889598613,-83999.99999,-50482.23410656263,-46677.910923949676,-48381.978925999676,92.10034648813647,-4455997.022866286,-33217.377461690565,60860.43651744726,-1247.2678068102878,-3187.094622420919,-4434.362429231207,4434.362429231207,25.029508494360694,83.49051034252213
0.3,342.36597897134334,-83999.99999,-50438.80809133154,-46659.35141083645,-48350.88553993935,92.1541518176785,-4455734.8465667665,-32845.714838489956,59548.78585005253,-1221.3552951319616,-3084.3748654995466,-4305.730160631509,4305.730160631509,24.174621595228,83.51445202482634
0.31,342.6035862374908,-83999.99999,-50396.84708494865,-46641.423648766846,-48320.63044092909,92.20658374871914,-4455480.257542436,-32455.600350240325,58252.60882673539,-1195.6211040808294,-2985.4400825660005,-4181.06118664683,4181.06118664683,23.35119123407316,83.53797486150718
0.32,342.8330973339222,-83999.99999,-50356.3019909472,-46624.10608274697,-48291.19467434138,92.257668868357,-4455233.047522752,-32046.33410262863,56967.310541939696,-1169.9780808341593,-2889.909288442629,-4059.8873692767884,4059.8873692767884,22.555688076290533,83.56107522849886
0.33,343.0547839204687,-83999.99999,-50317.12623032944,-46607.378278622775,-48262.56063734363,92.30743154696758,-4454993.012312969,-31617.403587717192,55689.968590232624,-1144.3836547469946,-2797.400751999117,-3941.7844067461115,3941.7844067461115,21.785788212404654,83.58374912484314
0.34,343.2688929231898,-83999.99999,-50279.277487249725,-46591.22166428782,-48234.71298575762,92.35589270390298,-4454759.977116187,-31168.51693170087,54418.184181757635,-1118.8030823813538,-2707.6341301497205,-3826.4372125310742,3826.4372125310742,21.039500163966824,83.60599176434788
0.35000000000000003,343.47564474150516,-83999.99999,-50242.71803796078,-46575.61966543087,-48207.63870643143,92.40306954250642,-4454533.791870408,-30699.614204932288,53149.49588742647,-1093.1909630218627,-2620.3551125333083,-3713.5460755551712,3713.5460755551712,20.314626137110928,83.62779768287143
0.36,343.675253534539,-83999.99999,-50207.41117351876,-46560.556175051366,-48181.32530911109,92.4489784998542,-4454314.307596493,-30210.81049782319,51883.01554681561,-1067.5465700962309,-2535.342331282627,-3602.888901378858,3602.888901378858,19.610123154049962,83.64916136368556
0.37,343.8679103139073,-83999.99999,-50173.32419718962,-46546.0168296009,-48155.76216850012,92.49363321787287,-4454101.4033403685,-29702.44631821079,50617.257066570535,-1041.842244948431,-2452.4376102567935,-3494.2798552052245,3494.2798552052245,18.9243443674892,83.67007697653027
0.38,344.0537992614382,-83999.99999,-50140.425545512946,-46531.987777840375,-48130.93917404763,92.53704652254827,-4453894.957522786,-29175.037162024993,49351.82671780743,-1016.0805000418476,-2371.4796547228643,-3387.560154764712,3387.560154764712,18.256381913555085,83.69053872033983
0.39,344.2330954613855,-83999.99999,-50108.685194699116,-46518.455852161096,-48106.84677081082,92.57923057961607,-4453694.859653153,-28629.27668481356,48086.64948210982,-990.2689256444453,-2292.3635498309122,-3282.6324754753578,3282.6324754753578,17.605489146160714,83.71054100987539
0.4,344.4059624360879,-83999.99999,-50078.07510219108,-46505.408754768236,-48083.47610864279,92.62019655751405,-4453501.008351026,-28066.035721520147,46821.495352874415,-964.4047498753495,-2214.9909927811073,-3179.3957426564566,3179.3957426564566,16.97066376751423,83.73007853029921
0.41000000000000003,344.57256206772206,-83999.99999,-50048.567454509204,-46492.83430901122,-48060.818338278375,92.65995572902527,-4453313.2995256,-27486.327993217925,45557.289425717056,-938.519496405943,-2139.284332956903,-3077.803829362846,3077.803829362846,16.351733137982237,83.74914622319847
0.42,344.73304789305706,-83999.99999,-50020.13585825093,-46480.720965587636,-48038.864779022144,92.69851941375708,-4453131.639333036,-26891.313167182205,44294.33336032071,-912.6197695226982,-2065.196597528474,-2977.816367051172,2977.816367051172,15.747936742524784,83.7677398217873
0.43,344.88757040528,-83999.99999,-49992.754404704465,-46469.05740250941,-48017.60683275903,92.73589885606177,-4452955.930552882,-26282.275612637106,43033.7286087034,-886.7354824699363,-1992.674869605875,-2879.4103520758113,2879.4103520758113,15.1590525052188,83.78585534552374
0.44,345.0362785428215,-83999.99999,-49966.39740887425,-46457.83241282053,-47997.03555025775,92.77210616756219,-4452786.077796768,-25660.6023083833,41776.72356720239,-860.8986610117203,-1921.7004279144671,-2782.5990889261875,2782.5990889261875,14.584922627302724,83.8034896591739
0.45,345.17931646793903,-83999.99999,-49941.039983160415,-46447.035147855044,-47977.14187586043,92.80715384531308,-4452621.987131392,-25027.773870544464,40524.26474702154,-835.1284788172352,-1852.2489324973546,-2687.37741131459,2687.37741131459,14.025071973439013,83.82064045342034
0.46,345.31682877538873,-83999.99999,-49916.657116717746,-46436.65472415932,-47957.91649877889,92.84105492958693,-4452463.559971674,-24385.346498452902,39278.22477029432,-809.4733562445278,-1784.3100081428802,-2593.7833643874083,2593.7833643874083,13.479717081614249,83.83730584559963
0.47000000000000003,345.44895800281466,-83999.99999,-49893.224119005004,-46426.680411497604,-47939.349496613104,92.87382383310458,-4452310.699822077,-23734.921355984327,38039.73315169259,-783.9550126118527,-1717.8854556534268,-2501.8404682652795,2501.8404682652795,12.94845702860102,83.85348531349607
0.48,345.57584510878837,-83999.99999,-49870.716537327135,-46417.101596852066,-47921.430852880774,92.90547520143022,-4452163.305719368,-23078.148538904486,36810.52459301136,-758.6142409058589,-1652.9685000086563,-2411.582740914515,2411.582740914515,12.431329899718525,83.86917872994069
0.49,345.6976322487734,-83999.99999,-49849.10966647273,-46407.907574938756,-47904.14985322878,92.93602513351192,-4452021.274759191,-22416.689247259368,35592.3345762938,-733.491237801601,-1589.5738820354052,-2323.065119837006,2323.065119837006,11.928383303146381,83.88438706401564
0.5,345.8144590732194,-83999.99999,-49828.379207337224,-46399.0878277426,-47887.495405702466,92.96549057349014,-4451884.5027268855,-21752.20621491063,34386.46335909337,-708.6107585336522,-1527.703229261237,-2236.3139877948893,2236.3139877948893,11.439308395039319,83.89911228840634
0.51,345.92646617992455,-83999.99999,-49808.500656353375,-46390.63176396576,-47871.456102355325,92.99388911201031,-4451752.8804129,-21086.36078775989,33194.96322992395,-684.0230420547978,-1467.3678165301055,-2151.390858584903,2151.390858584903,10.9644049423934,83.91335683101138
0.52,346.0337935372557,-83999.99999,-49789.4495870134,-46382.5288381333,-47856.01977658491,93.02123994257347,-4451626.2983342465,-20420.766526293308,32019.06247233352,-659.7505144563343,-1408.5805517184774,-2068.331066174812,2068.331066174812,10.503356940712882,83.9271245481211
0.53,346.1365797922532,-83999.99999,-49771.20177450612,-46374.768602904944,-47841.174154233835,93.04756251268289,-4451504.642796221,-19757.01287239447,30860.43711926718,-635.8311168784967,-1351.3443854946515,-1987.1755023731482,1987.1755023731482,10.056217506909274,83.94041966966383
0.54,346.2349647651202,-83999.99999,-49753.7327545927,-46367.34052081684,-47826.90630433342,93.07287762847248,-4451387.797811643,-19096.624934465453,29720.666049562526,-612.3004067112415,-1295.6760246956208,-1907.9764314068623,1907.9764314068623,9.623024765633303,83.9532474422615
0.55,346.3290857646362,-83999.99999,-49737.01847941901,-46360.234242535764,-47813.20298428071,93.09720680485009,-4451275.646229857,-18441.059219582763,28600.831375892998,-589.1776584753061,-1241.5761242734554,-1830.7537827487615,1830.7537827487615,9.203464991649206,83.9656139900038
0.56,346.41908070576983,-83999.99999,-49721.03476562041,-46353.439371552144,-47800.05070097291,93.12057207983285,-4451168.066719613,-17791.711943829872,27502.607497346144,-566.5036266280074,-1189.052001255677,-1755.5556278836843,1755.5556278836843,8.79774898814084,83.97752581031492
0.5700000000000001,346.5050859263581,-83999.99999,-49705.75768358262,-46346.94562909275,-47787.43543307313,93.14299665038001,-4451064.938472982,-17149.875632302752,26426.866583453782,-544.2928307505381,-1138.1077486203262,-1682.4005793708643,1682.4005793708643,8.405530451251806,83.98899053368697
0.58,346.5872362190475,-83999.99999,-49691.1635533763,-46340.74285178298,-47775.34312256558,93.16450383484465,-4450966.13755328,-16516.771181540145,25374.79877468693,-522.5719496295019,-1088.7377558333658,-1611.3097054628677,1611.3097054628677,8.02676592724397,84.00001605891543
0.59,346.66566627398197,-83999.99999,-49677.228689951844,-46334.82088278558,-47763.75930543167,93.18511783539188,-4450871.5391379455,-15893.516807355203,24347.45834594648,-501.36466793994776,-1040.9454969752153,-1542.310164915163,1542.310164915163,7.661392847317079,84.01061101334099
0.6,346.74050746426025,-83999.99999,-49663.92997569722,-46329.1698145859,-47752.66942822375,93.20486314194429,-4450781.018720102,-15281.130600208975,23345.42677371752,-480.6797127590364,-994.7192242378388,-1475.3989369968754,1475.3989369968754,7.309041705241356,84.0207846042141
0.61,346.81189111760034,-83999.99999,-49651.24428057337,-46323.77974202846,-47742.05880840377,93.22376453958242,-4450694.44898953,-14680.542764029413,22369.731932521365,-460.5429527882374,-950.0518252767638,-1410.5947780650013,1410.5947780650013,6.969770994592485,84.03054627443225
0.62,346.8799453668605,-83999.99999,-49639.1490230973,-46318.6410001912,-47731.91261000689,93.24184726247555,-4450611.705128093,-14092.568242541874,21420.716467745875,-440.9581116379899,-906.9319694822503,-1347.8900811202402,1347.8900811202402,6.643184041613275,84.03990613764013
0.63,346.9447965242358,-83999.99999,-49627.621927492284,-46313.744060688965,-47722.21605304322,93.25913649088542,-4450532.660538281,-13517.934327030342,20498.941225793336,-421.9380257843285,-865.3401368913309,-1287.2781626756594,1287.2781626756594,6.329121027350319,84.04887444184781
0.64,347.00656932778304,-83999.99999,-49616.64098109126,-46309.0795131188,-47712.9542557355,93.2756577125322,-4450457.189611691,-12957.264483464625,19604.840779648322,-403.49286615114477,-825.2632258655797,-1228.7560920167243,1228.7560920167243,6.027409448367678,84.05746180909398
0.65,347.06538444184986,-83999.99999,-49606.184879874345,-46304.63825386624,-47704.11248791234,93.2914362437508,-4450385.16873079,-12411.085568349768,18738.461388543776,-385.6206608953316,-786.6759704780314,-1172.296631373363,1172.296631373363,5.73763665303346,84.06567910735474
0.66,347.12136187548725,-83999.99999,-49596.23242194145,-46300.411228034034,-47695.67601233919,93.30649746397339,-4450316.472887822,-11879.836892785846,17900.172276532383,-368.33236496332194,-749.5564217575813,-1117.8887867209032,1117.8887867209032,5.459718184938516,84.07353729898583
0.67,347.1746171141409,-83999.99999,-49586.76319630762,-46296.38972160228,-47687.63029111408,93.32086652796201,-4450250.981431855,-11363.863219938907,17089.82335191498,-351.62208823167396,-713.879477060897,-1065.5015652925708,1065.5015652925708,5.193230872850421,84.08104755995349
0.68,347.22526368495807,-83999.99999,-49577.75712788085,-46292.56516776958,-47679.960918623845,93.33456838888296,-4450188.573138564,-10863.429239993338,16307.411929028605,-335.49050155277575,-679.6139132556824,-1015.1044148084582,1015.1044148084582,4.937927442019718,84.08822108050458
0.6900000000000001,347.27341243390714,-83999.99999,-49569.19460694046,-46288.92920158919,-47672.65364394972,93.3476278155183,-4450129.129333531,-10378.718115765821,15552.844484843525,-319.9364128776699,-646.7334430158342,-966.6698558935041,966.6698558935041,4.693557250178468,84.09506911089386
0.7000000000000001,347.31916976861356,-83999.99999,-49561.05680256533,-46285.47379271091,-47665.694550839755,93.36006905008618,-4450072.534586716,-9909.840069973812,14825.746316237324,-304.94978056867706,-615.2033359482664,-920.1531165169434,920.1531165169434,4.459698663067311,84.10160286837855
0.71,347.36264103203973,-83999.99999,-49553.32506353059,-46282.19099066132,-47659.06980823904,93.37191621899659,-4450018.6732102055,-9456.834345760351,14125.969223766286,-290.5298389358631,-584.991335010499,-875.5211739463621,875.5211739463621,4.236167696931861,84.10783355232837
0.72,347.4039263539497,-83999.99999,-49545.98165693168,-46279.073238167555,-47652.766032937245,93.38319274006277,-4449967.4350508945,-9019.67996401317,13453.012671780918,-276.6641619709634,-556.0637315908587,-832.727893561822,832.727893561822,4.022548376444836,84.11377222374216
0.73,347.4431239381564,-83999.99999,-49539.00918430878,-46276.11312295735,-47646.77001943289,93.39392173775724,-4449918.710251833,-8598.294805831769,12806.476155078095,-263.3449027963288,-528.3827119687445,-791.7276147650733,791.7276147650733,3.818549419028091,84.11942987241613
0.74,347.48032872960897,-83999.99999,-49532.39081941418,-46273.3034784531,-47641.06888454574,93.40412582331535,-4449872.3924493445,-8192.545179025075,12185.909045567263,-250.56321915500976,-501.91451517134254,-752.4777343263523,752.4777343263523,3.6238840718584813,84.12481732544771
0.75,347.515631287865,-83999.99999,-49526.11050929639,-46270.63746888197,-47635.650181526755,93.41382687575761,-4449828.379171291,-7802.2533601076575,11590.679525460291,-238.30441300274944,-476.6202733829896,-714.924686385739,714.924686385739,3.438153523297571,84.12994519012985
0.76,347.5491209209397,-83999.99999,-49520.15241741952,-46268.10835264494,-47630.50160309222,93.42304654937807,-4449786.568435911,-7427.192067034212,11020.311577503024,-226.5601873960676,-452.4630373491247,-679.0232247451922,679.0232247451922,3.2611230787823424,84.13482398352693
0.77,347.5808816463826,-83999.99999,-49514.5016427622,-46265.70978736265,-47625.611419390465,93.43180552622357,-4449746.864203982,-7067.107130227398,10474.1149014325,-215.31483948137074,-429.4059042065668,-644.7207436879376,644.7207436879376,3.092410276338315,84.13946386593481
0.78,347.61099571716125,-83999.99999,-49509.143593078974,-46263.43556363242,-47620.96809384291,93.44012415866031,-4449709.171244282,-6721.70377685453,9951.468468645407,-204.5557995431403,-407.4094990612644,-611.9652986044047,611.9652986044047,2.931717877105418,84.14387487821539
0.79,347.63954200774594,-83999.99999,-49504.06427250894,-46261.279726935965,-47616.560492848,93.44802211895203,-4449673.398164078,-6390.6626597660215,9451.734006626713,-194.27016776613127,-386.4378354362537,-580.7080032023849,580.7080032023849,2.778757349259466,84.14806677208217
0.8,347.66659531348125,-83999.99999,-49499.25040671089,-46259.23663057697,-47612.377953265124,93.45551826817207,-4449639.457602482,-6073.645338936645,8974.163629323402,-184.44127755882386,-366.4520671405592,-550.8933446993831,550.8933446993831,2.633166769704979,84.15204898095604
0.81,347.69222924502566,-83999.99999,-49494.68892824707,-46257.300717112565,-47608.40996606423,93.46263120775477,-4449607.263045858,-5770.282974547042,8518.126018016026,-175.05713243566913,-347.41528418518106,-522.4724166208503,522.4724166208503,2.494702052634803,84.15583081391581
0.8200000000000001,347.71651201041254,-83999.99999,-49490.36772751406,-46255.4668369182,-47604.64667236935,93.46937841186258,-4449576.7339827055,-5480.20562246531,8082.8130570810445,-166.09915977465474,-329.28916574501335,-495.3883255196681,495.3883255196681,2.362979626441271,84.15942111053387
0.8300000000000001,347.7395103909324,-83999.99999,-49486.274945611505,-46253.729947942935,-47601.07839117967,93.47577704673321,-4449547.790877981,-5203.019595640643,7667.479599719869,-157.55140466594185,-312.0346389376197,-469.58604360356156,469.58604360356156,2.2376840731656094,84.1628285753591
0.84,347.76128698025707,-83999.99999,-49482.399465964794,-46252.08532423323,-47597.695945411644,93.48184339822194,-4449520.358485155,-4938.327644411891,7271.251162799523,-149.39313040988515,-295.61017712858717,-445.0033075384723,445.0033075384723,2.1183990888057584,84.16606154981531
0.85,347.7818937426572,-83999.99999,-49478.73206112258,-46250.52904245399,-47594.49121649088,93.48759185113961,-4449494.369209949,-4685.740890173267,6892.255501719463,-141.56714179461937,-279.9360579080746,-421.50319970269396,421.50319970269396,2.003884826554695,84.16912785421621
0.86,347.80139294453784,-83999.99999,-49475.26166785349,-46249.05640109562,-47591.455258367314,93.49303832159423,-4449469.750250973,-4444.837896284521,6530.214166419791,-134.0744331867664,-264.9937692939137,-399.06820248068016,399.06820248068016,1.8942332004451237,84.17203545473843
0.87,347.81977516388093,-83999.99999,-49471.98998002112,-46247.66811268845,-47588.58549972514,93.49818709786031,-4449446.470775823,-4215.306189439694,6175.815297505675,-126.58639276164416,-250.41347705678277,-376.99986981842693,376.99986981842693,1.782047630784731,84.17479018639835
0.88,347.8370456026922,-83999.99999,-49468.916087798905,-46246.36378525716,-47585.87816804526,93.50304468257394,-4449424.492606256,-3996.796882247299,5821.860761799348,-118.85116624039924,-235.9081452970478,-354.75931153744705,354.75931153744705,1.6616948390860415,84.17739813901375
0.89,347.85306404728516,-83999.99999,-49466.064963158016,-46245.15400915132,-47583.342156897095,93.50759440316051,-4449403.858753942,-3789.165197441172,5442.072884672702,-109.9206119154354,-220.4440637467835,-330.36467566221893,330.36467566221893,1.511744933108788,84.17986155781048
0.9,347.86667522450136,-83999.99999,-49463.64225567717,-46244.1260364128,-47581.07387790319,93.51165930978888,-4449385.1700643785,-3593.6693303200873,4874.5344342903945,-93.89776922887884,-197.67898645877807,-291.57675568765694,291.57675568765694,1.1985055108708567,84.18215746226184
0.91,347.8783670693451,-83999.99999,-49461.56113919043,-46243.243017470384,-47579.02835338791,93.51532141894921,-4449368.129268369,-3409.257630731733,4177.116505025903,-72.89882126769577,-169.89065235935317,-242.78947362704895,242.78947362704895,0.7702601572987492,84.1843031860246
0.92,347.87904088542723,-83999.99999,-49461.44120067892,-46243.192127889895,-47577.98605751228,93.51715072701039,-4449357.693427974,-3248.0300735588066,2123.307193159605,-2.1775696787435663,-89.07902761428095,-91.25659729302451,91.25659729302451,-0.7876186731978586,84.18607984102204
0.93,347.8614709201151,-83999.99999,-49464.56859618845,-46244.5190874558,-47578.56632871044,93.51600950014851,-4449357.660799132,-3119.234957505218,-2259.972889861395,153.754072903078,83.18628035608957,236.94035325916758,-236.94035325916758,-4.2801322077876875,84.18731496210567
0.9400000000000001,347.79767872255786,-83999.99999,-49475.92271850405,-46249.33691130868,-47583.17513626365,93.5074933517709,-4449383.4327103235,-3059.917227413718,-12705.371170097975,530.8331164292215,493.20304063886323,1024.0361570680848,-1024.0361570680848,-12.796504263749865,84.18732568149025
0.9500000000000001,347.51979377054124,-83999.99999,-49525.36998397854,-46270.32312166945,-47606.26037448008,93.46518658915251,-4449528.008712558,-3292.72904337644,-51254.675487358545,1928.5166327084082,2013.2808869255105,3941.7975196339185,-3941.7975196339185,-44.60235749555935,84.18200302134075
0.96,346.7197356146736,-83999.99999,-49667.62112270975,-46330.73825216852,-47674.33479935783,93.34077896256865,-4449959.546694353,-4207.6252057329875,-155021.12910062904,5659.644203235415,6200.283304658521,11859.927507893935,-11859.927507893935,-130.66975817013926,84.16393306475467
0.97,344.4723758276769,-83999.99999,-50066.31301611319,-46500.39611327082,-47866.97719120257,92.99079549881043,-4451188.287133341,-6862.90223709981,-414975.44704477495,14730.28180767893,17400.745666335464,32131.027474014394,-32131.027474014394,-348.2424175647107,84.11165457038214
0.98,338.9443030176207,-83999.99999,-51041.45525571453,-46917.44627806995,-48341.60216712935,92.14431980730464,-4454404.050085458,-12413.470617581503,-891764.688287502,29771.702309020882,41810.75160412493,71582.45391314582,-71582.45391314582,-756.5013155319136,83.98781401613435
0.99,329.20317637149236,-83999.99999,-52740.722905112576,-47651.57133087453,-49177.63729908221,90.69659184819082,-4460244.098173224,-17760.388782502538,-1271333.7466301317,37111.953050367585,74324.87754749919,111436.83059786676,-111436.83059786676,-1105.7083143035547,83.79390364751589
1.0,318.14999999999986,-83999.99999,-54639.89720334002,-48483.84988550262,-50125.41569442286,89.11583031862463,-4466968.039674711,-18375.14916463669,-1179881.3240592023,27412.899605764473,92955.6049963341,120368.50460209858,-120368.50460209858,-1061.7555820826715,83.61672191159087
