case_no,campaign_year,source_file,source_subset,configuration,absorber_beds,intercoolers,absorber_lean_solvent_flow_kg_h,absorber_flue_gas_flow_kg_h,absorber_lean_solvent_temp_C,absorber_inlet_gas_temp_C,absorber_top_pressure_kPa,absorber_inlet_gas_pressure_kPa,absorber_lean_loading_mol_co2_per_mol_mea,absorber_lean_solvent_mea_weight_fraction,absorber_inlet_gas_co2_mole_fraction,absorber_inlet_gas_o2_mole_fraction,absorber_rich_solvent_flow_kg_h,absorber_rich_solvent_temp_C,absorber_outlet_gas_temp_C,absorber_rich_solvent_pressure_outlet_kPa,absorber_rich_solvent_pressure_after_pump_kPa,absorber_rich_loading_mol_co2_per_mol_mea,absorber_rich_mea_weight_fraction,absorber_outlet_gas_co2_mole_fraction,absorber_outlet_gas_o2_mole_fraction,absorber_capture_pct_avg,absorber_capture_pct_std,summary_table_capture_pct,reported_model_capture_pct,heat_exchanger_rich_solvent_inlet_temp_C,heat_exchanger_rich_solvent_outlet_temp_C,heat_exchanger_lean_solvent_inlet_temp_C,heat_exchanger_lean_solvent_outlet_temp_C,stripper_rich_solvent_inlet_temp_C,stripper_rich_solvent_inlet_pressure_kPa,stripper_top_pressure_kPa,stripper_reboiler_temp_C,stripper_lean_solvent_pressure_after_pump_kPa,stripper_reboiler_duty_kW,absorber_temperature_profile_C_01,absorber_temperature_profile_C_02,absorber_temperature_profile_C_03,absorber_temperature_profile_C_04,absorber_temperature_profile_C_05,absorber_temperature_profile_C_06,absorber_temperature_profile_C_07,absorber_temperature_profile_C_08,absorber_temperature_profile_C_09,absorber_temperature_profile_C_10,absorber_temperature_profile_C_11,absorber_temperature_profile_C_12
1A,2017,Morgan et al.md,2017 SDoE iteration 1,"3 beds, 2 intercoolers",3,2,8180.0,3000.0,44.1,43.4,109.4,115.2,0.24,0.3,0.082,0.111,8682.0,48.9,42.7,115.2,764.8,0.46,0.32,0.001,0.121,97.5,0.3,97.5,97.2,49.7,108.8,115.6,52.5,102.6,446.0,180.1,119.4,280.9,420.0,43.9,46.8,49.1,49.2,54.4,60.0,54.5,58.2,58.2,54.6,51.5,51.6
2A,2017,Morgan et al.md,2017 SDoE iteration 1,"3 beds, 2 intercoolers",3,2,7130.0,2690.0,44.9,45.2,109.5,114.6,0.25,0.31,0.1,0.087,,47.9,50.9,115.0,716.7,0.45,0.29,0.008,0.097,93.4,0.3,93.4,90.2,48.8,109.9,116.7,51.5,101.4,445.8,182.6,120.5,273.6,437.0,60.9,60.5,54.7,63.3,48.8,55.3,48.4,45.2,48.0,47.9,48.3,50.5
3A,2017,Morgan et al.md,2017 SDoE iteration 1,"3 beds, 2 intercoolers",3,2,3354.0,1500.0,45.6,43.3,107.9,110.1,0.24,0.31,0.108,0.073,3641.0,46.3,59.4,110.8,598.7,0.46,0.36,0.026,0.081,81.1,0.6,79.7,77.0,47.2,108.6,116.1,49.5,99.2,447.2,179.6,118.9,274.1,202.0,68.8,63.1,51.8,53.4,46.9,46.5,46.3,45.2,45.4,45.1,45.5,46.5
4A,2017,Morgan et al.md,2017 SDoE iteration 1,"3 beds, 2 intercoolers",3,2,3600.0,3000.0,45.6,43.4,110.2,113.6,0.19,0.31,0.076,0.111,3863.0,46.4,56.6,113.6,601.8,0.46,0.32,0.027,0.118,70.6,1.1,70.6,66.6,47.1,109.6,117.5,49.3,100.6,445.4,179.9,119.6,273.5,253.0,61.3,56.2,44.8,49.9,44.1,43.0,42.5,45.0,45.3,45.2,45.6,46.5
5A,2017,Morgan et al.md,2017 SDoE iteration 1,"3 beds, 2 intercoolers",3,2,3380.0,2750.0,45.5,45.7,109.8,112.8,0.2,0.31,0.107,0.074,3495.0,48.7,57.2,113.0,587.4,0.42,0.33,0.062,0.078,53.9,2.6,53.8,50.2,49.5,109.5,117.4,51.5,100.2,441.8,179.7,119.4,272.6,234.0,59.9,53.0,43.6,47.0,45.5,44.9,44.6,47.2,47.5,47.4,47.9,48.9
6A,2017,Morgan et al.md,2017 SDoE iteration 1,"3 beds, 2 intercoolers",3,2,3130.0,1750.0,45.1,43.4,108.2,109.9,0.31,0.3,0.076,0.11,3366.0,45.2,51.8,110.3,591.5,0.46,0.3,0.044,0.115,51.7,0.9,51.7,60.6,45.9,104.2,110.4,48.1,97.4,449.7,179.0,115.3,273.2,118.0,57.4,53.2,39.4,47.8,36.2,39.0,38.9,40.0,42.6,42.6,43.5,47.4
7A,2017,Morgan et al.md,2017 SDoE iteration 1,"3 beds, 2 intercoolers",3,2,4730.0,2255.0,45.1,43.5,109.2,111.8,0.23,0.3,0.109,0.071,5022.0,46.1,57.8,112.4,634.8,0.46,0.32,0.037,0.079,72.5,1.0,72.5,73.0,46.9,108.8,115.9,49.5,99.8,448.7,180.1,119.0,273.9,335.0,66.2,60.9,49.4,53.7,48.5,46.1,45.9,44.4,44.9,45.2,45.5,46.4
8A,2017,Morgan et al.md,2017 SDoE iteration 1,"3 beds, 2 intercoolers",3,2,3230.0,2240.0,44.8,42.8,109.2,110.9,0.24,0.31,0.107,0.073,3628.0,46.0,57.5,111.7,578.3,0.46,0.31,0.057,0.078,56.3,1.8,56.3,51.8,46.9,109.8,118.0,49.2,99.9,446.7,180.1,120.2,271.8,366.0,62.0,54.5,44.5,48.4,44.5,43.4,42.6,44.4,44.8,44.5,45.0,45.9
9A,2017,Morgan et al.md,2017 SDoE iteration 1,"3 beds, 2 intercoolers",3,2,3224.0,2245.0,45.9,43.4,108.8,111.6,0.14,0.31,0.108,0.073,3526.0,46.1,61.5,112.1,578.4,0.46,0.31,0.034,0.08,74.2,0.6,74.2,72.9,47.0,109.0,118.3,48.7,100.0,446.2,179.7,120.4,274.5,354.0,66.1,58.2,43.8,49.4,42.7,42.4,42.2,44.3,44.9,44.6,45.1,46.3
10A,2017,Morgan et al.md,2017 SDoE iteration 1,"3 beds, 2 intercoolers",3,2,7980.0,2492.0,44.8,43.1,109.0,114.5,0.32,0.3,0.109,0.072,8505.0,46.0,51.2,114.7,756.2,0.47,0.3,0.026,0.08,79.9,0.6,79.9,74.2,46.9,108.0,114.3,50.0,99.6,447.0,179.9,120.9,276.6,412.0,63.5,60.4,56.6,62.9,53.0,51.9,49.8,45.1,45.8,45.9,46.0,46.4
11A,2017,Morgan et al.md,2017 SDoE iteration 1,"3 beds, 2 intercoolers",3,2,3016.0,2761.0,45.8,42.9,109.6,111.9,0.16,0.31,0.096,0.086,3220.0,46.0,57.9,112.4,573.9,0.45,0.31,0.046,0.09,60.5,1.7,60.5,55.7,46.8,109.5,118.1,48.9,100.1,445.3,179.8,120.2,272.8,330.0,60.7,53.2,42.2,46.2,43.4,42.7,42.4,44.7,45.0,44.9,45.2,46.0
12A,2017,Morgan et al.md,2017 SDoE iteration 1,"3 beds, 2 intercoolers",3,2,4170.0,2920.0,46.4,45.1,109.7,114.0,0.14,0.32,0.107,0.073,4407.0,47.8,62.5,113.7,603.3,0.46,0.31,0.033,0.08,75.4,0.8,76.0,72.5,48.6,110.4,119.8,50.2,101.0,447.1,185.4,123.9,308.1,484.0,67.1,60.5,47.1,53.1,43.0,45.0,43.7,45.1,46.3,46.8,47.2,49.9
13A,2017,Morgan et al.md,2017 SDoE iteration 1,"3 beds, 2 intercoolers",3,2,6910.0,2680.0,44.9,44.6,109.3,114.9,0.26,0.3,0.108,0.073,7354.0,46.9,55.8,115.0,704.6,0.47,0.32,0.026,0.08,80.6,0.6,80.6,80.9,47.8,109.8,116.3,50.6,100.8,445.2,184.4,122.0,274.0,423.0,66.8,65.2,57.2,63.3,51.5,51.5,48.2,44.2,45.8,46.3,46.5,48.5
14A,2017,Morgan et al.md,2017 SDoE iteration 1,"3 beds, 2 intercoolers",3,2,6505.0,2500.0,44.8,43.5,109.2,112.9,0.31,0.31,0.108,0.072,6872.0,46.0,51.9,113.3,687.1,0.47,0.31,0.055,0.077,57.8,0.7,57.8,63.1,46.9,106.0,112.0,49.7,98.5,446.6,180.5,118.8,273.8,317.0,61.4,59.5,51.1,58.7,48.7,47.3,46.2,44.2,45.0,45.0,45.2,46.0
15A,2017,Morgan et al.md,2017 SDoE iteration 1,"3 beds, 2 intercoolers",3,2,8000.0,2494.0,44.9,42.9,109.1,114.2,0.32,0.3,0.108,0.072,8436.0,45.8,51.1,114.6,753.5,0.48,0.3,0.032,0.079,76.8,1.4,76.8,74.6,46.6,107.5,114.1,49.6,99.4,446.0,180.3,120.8,277.7,409.0,63.2,60.3,55.9,62.5,51.9,50.9,49.1,45.1,45.7,45.7,45.7,46.2
1B,2017,Morgan et al.md,2017 SDoE iteration 2,"3 beds, 2 intercoolers",3,2,7959.0,2497.0,44.4,43.7,109.7,115.2,0.3,0.3,0.077,0.11,8767.0,48.5,44.7,116.5,835.2,0.48,0.29,0.003,0.12,96.1,0.1,96.1,93.5,49.4,108.3,114.6,52.3,101.6,446.1,180.2,118.2,273.8,313.0,49.0,50.9,53.2,53.2,61.4,59.4,53.6,49.7,52.2,51.7,49.7,48.9
2B,2017,Morgan et al.md,2017 SDoE iteration 2,"3 beds, 2 intercoolers",3,2,9871.0,2746.0,44.7,45.7,109.5,117.0,0.3,0.3,0.088,0.098,10716.0,50.5,43.7,117.4,898.4,0.47,0.28,0.003,0.108,97.7,0.5,97.7,93.1,51.4,109.1,115.4,54.4,103.0,446.7,190.9,119.2,276.4,388.0,46.3,48.0,52.4,50.9,58.2,61.4,58.3,51.5,53.7,53.5,52.5,53.1
3B,2017,Morgan et al.md,2017 SDoE iteration 2,"3 beds, 2 intercoolers",3,2,11412.0,2748.0,44.4,47.3,109.2,113.0,0.3,0.3,0.108,0.071,12528.0,50.1,43.4,113.2,961.2,0.5,,0.007,0.081,94.8,0.1,94.9,92.5,50.9,108.8,115.0,54.3,102.1,446.4,186.7,118.0,292.1,458.0,46.8,54.7,57.5,60.4,60.5,60.2,56.3,49.7,50.5,50.7,50.4,50.4
1C,2017,Morgan et al.md,2017 one-bed validation,"1 bed, no intercooling",1,0,6185.0,1997.0,,43.3,109.1,110.7,0.15,0.3,0.077,0.108,6830.0,55.0,64.3,111.8,672.2,0.36,0.32,0.003,0.118,97.1,0.7,97.1,95.4,55.9,112.5,119.8,57.7,111.8,446.0,186.6,121.9,276.0,431.0,,,,,,,,,,,,
2C,2017,Morgan et al.md,2017 one-bed validation,"1 bed, no intercooling",1,0,7765.0,2499.0,,43.1,109.6,112.5,0.2,0.3,0.077,0.109,8366.0,53.9,63.8,112.9,734.5,0.38,0.33,0.007,0.118,92.3,0.5,92.3,87.6,54.8,112.0,118.6,57.2,110.2,446.3,181.4,120.6,311.1,428.0,,,,,,,,,,,,
3C,2017,Morgan et al.md,2017 one-bed validation,"1 bed, no intercooling",1,0,7517.0,2013.0,,43.6,109.5,110.9,0.25,0.3,0.093,0.09,7765.0,56.4,65.3,112.3,723.7,0.47,0.31,0.012,0.099,89.5,1.2,89.5,84.0,57.3,111.5,117.5,59.6,108.4,446.4,180.7,119.9,287.4,352.0,,,,,,,,,,,,
4C,2017,Morgan et al.md,2017 one-bed validation,"1 bed, no intercooling",1,0,6160.0,1500.0,44.9,43.3,107.7,110.4,0.25,0.3,0.108,0.075,6954.0,57.9,50.9,109.4,677.1,0.42,0.31,0.014,0.084,88.9,0.8,88.9,87.6,59.0,110.8,116.4,60.9,106.9,446.0,181.9,119.5,273.8,299.0,,,,,,,,,,,,
5C,2017,Morgan et al.md,2017 one-bed validation,"1 bed, no intercooling",1,0,5237.0,1498.0,45.0,43.3,108.4,108.7,0.26,0.3,0.077,0.11,5976.0,55.9,49.4,109.8,643.9,0.42,0.3,0.013,0.118,86.4,0.6,86.4,87.3,56.8,109.8,115.2,58.9,106.6,445.8,181.7,118.3,274.0,285.0,,,,,,,,,,,,
6C,2017,Morgan et al.md,2017 one-bed validation,"1 bed, no intercooling",1,0,7665.0,2700.0,44.8,43.4,109.7,112.4,0.31,0.31,0.077,0.109,8356.0,50.5,50.4,112.5,734.7,0.39,0.31,0.037,0.115,60.2,0.5,60.2,58.8,51.5,107.1,112.9,54.3,103.0,446.7,182.2,118.3,273.4,288.0,,,,,,,,,,,,
7C,2017,Morgan et al.md,2017 one-bed validation,"1 bed, no intercooling",1,0,5414.0,1000.0,44.7,43.3,107.3,107.7,0.34,0.29,0.1,0.091,6127.0,53.9,41.9,108.5,649.6,0.43,0.3,0.03,0.098,76.4,2.2,76.4,78.8,54.7,105.2,110.3,56.7,101.9,446.5,181.5,115.7,273.6,198.0,,,,,,,,,,,,
1D,2017,Morgan et al.md,2017 two-bed validation,"2 beds, no intercooling",2,0,4912.0,1500.0,44.8,43.4,107.8,109.8,0.3,0.3,0.1,0.091,5600.0,51.6,55.5,111.0,635.0,0.39,0.31,0.024,0.099,78.4,2.2,77.8,80.1,52.5,107.6,113.5,54.8,101.7,444.7,179.5,116.6,272.8,189.0,,,,,,,,,,,,
2D,2017,Morgan et al.md,2017 two-bed validation,"2 beds, no intercooling",2,0,4600.0,2000.0,45.4,43.9,108.7,110.7,0.2,0.3,0.117,0.071,5244.0,48.5,61.7,111.7,628.7,0.47,0.3,0.026,0.08,80.5,0.2,80.5,81.2,49.3,109.8,117.1,51.5,101.4,446.4,179.9,118.9,273.7,271.0,,,,,,,,,,,,
3D,2017,Morgan et al.md,2017 two-bed validation,"2 beds, no intercooling",2,0,9534.0,2502.0,,44.9,110.0,114.3,0.3,0.3,0.093,0.09,10078.0,54.7,65.8,115.5,834.5,0.42,0.29,0.015,0.099,87.0,0.9,87.0,81.5,55.6,110.2,116.2,58.3,105.2,446.3,181.2,119.5,273.7,370.0,,,,,,,,,,,,
4D,2017,Morgan et al.md,2017 two-bed validation,"2 beds, no intercooling",2,0,4733.0,1966.0,46.3,43.1,108.6,110.9,0.2,0.3,0.079,0.107,5411.0,51.4,59.4,111.8,630.7,0.43,0.29,0.003,0.117,96.4,0.5,96.4,96.9,52.3,110.4,117.3,54.3,104.9,446.1,179.9,119.0,273.8,278.0,,,,,,,,,,,,
