Run #,lean_flow_rate,vapor_flow_rate,CO2_loading,w_MEA,y_CO2,T_liq,T_vap,P,Beds,VLE-bic_k_eq_coeff_1,VLE-bic_k_eq_coeff_2,VLE-bic_k_eq_coeff_3,VLE-car_k_eq_coeff_1,VLE-car_k_eq_coeff_2,VLE-car_k_eq_coeff_3,VLE-lwm_coeff_1,VLE-lwm_coeff_2,VLE-lwm_coeff_3,VLE-lwm_coeff_4,surface_tension-surf_tens_CO2_coeff_1,surface_tension-surf_tens_CO2_coeff_2,surface_tension-surf_tens_CO2_coeff_3,surface_tension-surf_tens_CO2_coeff_4,surface_tension-surf_tens_CO2_coeff_5,surface_tension-surf_tens_CO2_coeff_6,surface_tension-surf_tens_F_coeff_a,surface_tension-surf_tens_F_coeff_b,surface_tension-surf_tens_F_coeff_c,surface_tension-surf_tens_F_coeff_d,surface_tension-surf_tens_F_coeff_e,surface_tension-surf_tens_F_coeff_f,surface_tension-surf_tens_F_coeff_g,surface_tension-surf_tens_F_coeff_h,surface_tension-surf_tens_F_coeff_i,surface_tension-surf_tens_F_coeff_j,molar_volume-vol_mol_liq_comp_coeff_a,molar_volume-vol_mol_liq_comp_coeff_b,molar_volume-vol_mol_liq_comp_coeff_c,molar_volume-vol_mol_liq_comp_coeff_d,molar_volume-vol_mol_liq_comp_coeff_e,viscosity-visc_d_coeff_a,viscosity-visc_d_coeff_b,viscosity-visc_d_coeff_c,viscosity-visc_d_coeff_d,viscosity-visc_d_coeff_e,viscosity-visc_d_coeff_f,viscosity-visc_d_coeff_g
1,1.4413,0.5894,0.254,0.2893,0.1098,315.3708,317,107560,1,366.061868,-13326.25411,-55.68643292,164.039636,-707.0056712,-26.40136817,-0.6813,0.0299,-0.00032721,-0.111102655,-0.005899349,0.001750205,0.129650183,1.26E-05,-5.74E-06,-0.00018969,1070.656683,-2578.781342,3399.241133,-2352.474101,2960.247537,3.066848949,-1.794353728,-7.212421908,2.975023224,-10.57385293,-10.57920122,-2.020494157,3.15067933,192.0126008,-695.3848617,-0.085404188,2.729133736,35.11588925,1805.527599,0.007160257,0.01064884,-0.085404188
2,1.4488,0.6972,0.1603,0.3226,0.0988,318.8174,317,107560,1,366.061868,-13326.25411,-55.68643292,164.039636,-707.0056712,-26.40136817,-1.6276,0.0358,-0.00032721,-0.111102655,-0.005899349,0.001750205,0.129650183,1.26E-05,-5.74E-06,-0.00018969,1070.656683,-2578.781342,3399.241133,-2352.474101,2960.247537,3.066848949,-1.794353728,-7.212421908,2.975023224,-10.57385293,-10.57920122,-2.020494157,3.15067933,192.0126008,-695.3848617,-0.085404188,2.729133736,35.11588925,1805.527599,0.007160257,0.01064884,-0.085404188
3,1.3126,0.6461,0.1594,0.2894,0.1088,318.9677,317,107560,1,366.061868,-13326.25411,-55.68643292,164.039636,-707.0056712,-26.40136817,-0.6528,0.0393,-0.00032721,-0.111102655,-0.005899349,0.001750205,0.129650183,1.26E-05,-5.74E-06,-0.00018969,1070.656683,-2578.781342,3399.241133,-2352.474101,2960.247537,3.066848949,-1.794353728,-7.212421908,2.975023224,-10.57385293,-10.57920122,-2.020494157,3.15067933,192.0126008,-695.3848617,-0.085404188,2.729133736,35.11588925,1805.527599,0.007160257,0.01064884,-0.085404188
4,1.6175,0.7937,0.2375,0.2867,0.09,314.4911,317,107560,1,366.061868,-13326.25411,-55.68643292,164.039636,-707.0056712,-26.40136817,-1.1224,0.0379,-0.00032721,-0.111102655,-0.005899349,0.001750205,0.129650183,1.26E-05,-5.74E-06,-0.00018969,1070.656683,-2578.781342,3399.241133,-2352.474101,2960.247537,3.066848949,-1.794353728,-7.212421908,2.975023224,-10.57385293,-10.57920122,-2.020494157,3.15067933,192.0126008,-695.3848617,-0.085404188,2.729133736,35.11588925,1805.527599,0.007160257,0.01064884,-0.085404188
5,2.0366,0.6694,0.1343,0.2713,0.11,317.9795,317,107560,1,366.061868,-13326.25411,-55.68643292,164.039636,-707.0056712,-26.40136817,-1.3506,0.0417,-0.00032721,-0.111102655,-0.005899349,0.001750205,0.129650183,1.26E-05,-5.74E-06,-0.00018969,1070.656683,-2578.781342,3399.241133,-2352.474101,2960.247537,3.066848949,-1.794353728,-7.212421908,2.975023224,-10.57385293,-10.57920122,-2.020494157,3.15067933,192.0126008,-695.3848617,-0.085404188,2.729133736,35.11588925,1805.527599,0.007160257,0.01064884,-0.085404188
6,1.8749,0.7913,0.2779,0.3179,0.1067,316.1374,317,107560,1,366.061868,-13326.25411,-55.68643292,164.039636,-707.0056712,-26.40136817,-0.8966,0.0444,-0.00032721,-0.111102655,-0.005899349,0.001750205,0.129650183,1.26E-05,-5.74E-06,-0.00018969,1070.656683,-2578.781342,3399.241133,-2352.474101,2960.247537,3.066848949,-1.794353728,-7.212421908,2.975023224,-10.57385293,-10.57920122,-2.020494157,3.15067933,192.0126008,-695.3848617,-0.085404188,2.729133736,35.11588925,1805.527599,0.007160257,0.01064884,-0.085404188
7,1.0562,0.5983,0.2141,0.3132,0.1088,316.5806,317,107560,1,366.061868,-13326.25411,-55.68643292,164.039636,-707.0056712,-26.40136817,-2.9716,0.0485,-0.00032721,-0.111102655,-0.005899349,0.001750205,0.129650183,1.26E-05,-5.74E-06,-0.00018969,1070.656683,-2578.781342,3399.241133,-2352.474101,2960.247537,3.066848949,-1.794353728,-7.212421908,2.975023224,-10.57385293,-10.57920122,-2.020494157,3.15067933,192.0126008,-695.3848617,-0.085404188,2.729133736,35.11588925,1805.527599,0.007160257,0.01064884,-0.085404188
8,2.2769,0.7152,0.1102,0.2864,0.1013,314.8018,317,107560,1,366.061868,-13326.25411,-55.68643292,164.039636,-707.0056712,-26.40136817,-2.8742,0.0412,-0.00032721,-0.111102655,-0.005899349,0.001750205,0.129650183,1.26E-05,-5.74E-06,-0.00018969,1070.656683,-2578.781342,3399.241133,-2352.474101,2960.247537,3.066848949,-1.794353728,-7.212421908,2.975023224,-10.57385293,-10.57920122,-2.020494157,3.15067933,192.0126008,-695.3848617,-0.085404188,2.729133736,35.11588925,1805.527599,0.007160257,0.01064884,-0.085404188
9,1.1921,0.5216,0.1108,0.3148,0.1021,319.2156,317,107560,1,366.061868,-13326.25411,-55.68643292,164.039636,-707.0056712,-26.40136817,-1.0881,0.0313,-0.00032721,-0.111102655,-0.005899349,0.001750205,0.129650183,1.26E-05,-5.74E-06,-0.00018969,1070.656683,-2578.781342,3399.241133,-2352.474101,2960.247537,3.066848949,-1.794353728,-7.212421908,2.975023224,-10.57385293,-10.57920122,-2.020494157,3.15067933,192.0126008,-695.3848617,-0.085404188,2.729133736,35.11588925,1805.527599,0.007160257,0.01064884,-0.085404188
10,1.7878,0.6377,0.2304,0.2879,0.1075,320.2576,317,107560,1,366.061868,-13326.25411,-55.68643292,164.039636,-707.0056712,-26.40136817,-1.2262,0.0218,-0.00032721,-0.111102655,-0.005899349,0.001750205,0.129650183,1.26E-05,-5.74E-06,-0.00018969,1070.656683,-2578.781342,3399.241133,-2352.474101,2960.247537,3.066848949,-1.794353728,-7.212421908,2.975023224,-10.57385293,-10.57920122,-2.020494157,3.15067933,192.0126008,-695.3848617,-0.085404188,2.729133736,35.11588925,1805.527599,0.007160257,0.01064884,-0.085404188
11,2.24,0.6628,0.2664,0.2966,0.0999,314.3613,317,107560,1,366.061868,-13326.25411,-55.68643292,164.039636,-707.0056712,-26.40136817,-3.1549,0.0355,-0.00032721,-0.111102655,-0.005899349,0.001750205,0.129650183,1.26E-05,-5.74E-06,-0.00018969,1070.656683,-2578.781342,3399.241133,-2352.474101,2960.247537,3.066848949,-1.794353728,-7.212421908,2.975023224,-10.57385293,-10.57920122,-2.020494157,3.15067933,192.0126008,-695.3848617,-0.085404188,2.729133736,35.11588925,1805.527599,0.007160257,0.01064884,-0.085404188
12,1.4888,0.5607,0.1223,0.3057,0.0911,316.6602,317,107560,1,366.061868,-13326.25411,-55.68643292,164.039636,-707.0056712,-26.40136817,-2.7714,0.0485,-0.00032721,-0.111102655,-0.005899349,0.001750205,0.129650183,1.26E-05,-5.74E-06,-0.00018969,1070.656683,-2578.781342,3399.241133,-2352.474101,2960.247537,3.066848949,-1.794353728,-7.212421908,2.975023224,-10.57385293,-10.57920122,-2.020494157,3.15067933,192.0126008,-695.3848617,-0.085404188,2.729133736,35.11588925,1805.527599,0.007160257,0.01064884,-0.085404188
13,1.0197,0.483,0.1248,0.2782,0.1077,314.6431,317,107560,1,366.061868,-13326.25411,-55.68643292,164.039636,-707.0056712,-26.40136817,-2.8574,0.0517,-0.00032721,-0.111102655,-0.005899349,0.001750205,0.129650183,1.26E-05,-5.74E-06,-0.00018969,1070.656683,-2578.781342,3399.241133,-2352.474101,2960.247537,3.066848949,-1.794353728,-7.212421908,2.975023224,-10.57385293,-10.57920122,-2.020494157,3.15067933,192.0126008,-695.3848617,-0.085404188,2.729133736,35.11588925,1805.527599,0.007160257,0.01064884,-0.085404188
14,1.2361,0.7437,0.2695,0.3246,0.1079,315.1177,317,107560,1,366.061868,-13326.25411,-55.68643292,164.039636,-707.0056712,-26.40136817,-2.1665,0.0257,-0.00032721,-0.111102655,-0.005899349,0.001750205,0.129650183,1.26E-05,-5.74E-06,-0.00018969,1070.656683,-2578.781342,3399.241133,-2352.474101,2960.247537,3.066848949,-1.794353728,-7.212421908,2.975023224,-10.57385293,-10.57920122,-2.020494157,3.15067933,192.0126008,-695.3848617,-0.085404188,2.729133736,35.11588925,1805.527599,0.007160257,0.01064884,-0.085404188
15,1.062,0.4538,0.1959,0.2871,0.1053,319.8172,317,107560,1,366.061868,-13326.25411,-55.68643292,164.039636,-707.0056712,-26.40136817,-2.0493,0.028,-0.00032721,-0.111102655,-0.005899349,0.001750205,0.129650183,1.26E-05,-5.74E-06,-0.00018969,1070.656683,-2578.781342,3399.241133,-2352.474101,2960.247537,3.066848949,-1.794353728,-7.212421908,2.975023224,-10.57385293,-10.57920122,-2.020494157,3.15067933,192.0126008,-695.3848617,-0.085404188,2.729133736,35.11588925,1805.527599,0.007160257,0.01064884,-0.085404188
16,1.4168,0.5255,0.2764,0.2735,0.1017,318.0043,317,107560,1,366.061868,-13326.25411,-55.68643292,164.039636,-707.0056712,-26.40136817,-2.7497,0.024,-0.00032721,-0.111102655,-0.005899349,0.001750205,0.129650183,1.26E-05,-5.74E-06,-0.00018969,1070.656683,-2578.781342,3399.241133,-2352.474101,2960.247537,3.066848949,-1.794353728,-7.212421908,2.975023224,-10.57385293,-10.57920122,-2.020494157,3.15067933,192.0126008,-695.3848617,-0.085404188,2.729133736,35.11588925,1805.527599,0.007160257,0.01064884,-0.085404188
17,1.0461,0.4817,0.1032,0.3038,0.1045,319.6317,317,107560,1,366.061868,-13326.25411,-55.68643292,164.039636,-707.0056712,-26.40136817,-2.3733,0.0206,-0.00032721,-0.111102655,-0.005899349,0.001750205,0.129650183,1.26E-05,-5.74E-06,-0.00018969,1070.656683,-2578.781342,3399.241133,-2352.474101,2960.247537,3.066848949,-1.794353728,-7.212421908,2.975023224,-10.57385293,-10.57920122,-2.020494157,3.15067933,192.0126008,-695.3848617,-0.085404188,2.729133736,35.11588925,1805.527599,0.007160257,0.01064884,-0.085404188
18,1.8159,0.6561,0.2323,0.2708,0.1035,316.2167,317,107560,1,366.061868,-13326.25411,-55.68643292,164.039636,-707.0056712,-26.40136817,-1.7273,0.0349,-0.00032721,-0.111102655,-0.005899349,0.001750205,0.129650183,1.26E-05,-5.74E-06,-0.00018969,1070.656683,-2578.781342,3399.241133,-2352.474101,2960.247537,3.066848949,-1.794353728,-7.212421908,2.975023224,-10.57385293,-10.57920122,-2.020494157,3.15067933,192.0126008,-695.3848617,-0.085404188,2.729133736,35.11588925,1805.527599,0.007160257,0.01064884,-0.085404188
19,1.0527,0.5095,0.2732,0.3134,0.1002,317.0385,317,107560,1,366.061868,-13326.25411,-55.68643292,164.039636,-707.0056712,-26.40136817,-1.4859,0.0398,-0.00032721,-0.111102655,-0.005899349,0.001750205,0.129650183,1.26E-05,-5.74E-06,-0.00018969,1070.656683,-2578.781342,3399.241133,-2352.474101,2960.247537,3.066848949,-1.794353728,-7.212421908,2.975023224,-10.57385293,-10.57920122,-2.020494157,3.15067933,192.0126008,-695.3848617,-0.085404188,2.729133736,35.11588925,1805.527599,0.007160257,0.01064884,-0.085404188
20,2.1694,0.783,0.2115,0.3017,0.0958,319.0268,317,107560,1,366.061868,-13326.25411,-55.68643292,164.039636,-707.0056712,-26.40136817,-0.7482,0.029,-0.00032721,-0.111102655,-0.005899349,0.001750205,0.129650183,1.26E-05,-5.74E-06,-0.00018969,1070.656683,-2578.781342,3399.241133,-2352.474101,2960.247537,3.066848949,-1.794353728,-7.212421908,2.975023224,-10.57385293,-10.57920122,-2.020494157,3.15067933,192.0126008,-695.3848617,-0.085404188,2.729133736,35.11588925,1805.527599,0.007160257,0.01064884,-0.085404188
21,1.1258,0.5207,0.2947,0.3054,0.0951,315.6413,317,107560,1,366.061868,-13326.25411,-55.68643292,164.039636,-707.0056712,-26.40136817,-2.2359,0.0306,-0.00032721,-0.111102655,-0.005899349,0.001750205,0.129650183,1.26E-05,-5.74E-06,-0.00018969,1070.656683,-2578.781342,3399.241133,-2352.474101,2960.247537,3.066848949,-1.794353728,-7.212421908,2.975023224,-10.57385293,-10.57920122,-2.020494157,3.15067933,192.0126008,-695.3848617,-0.085404188,2.729133736,35.11588925,1805.527599,0.007160257,0.01064884,-0.085404188
22,1.3654,0.6597,0.2861,0.2778,0.1087,314.8711,317,107560,1,366.061868,-13326.25411,-55.68643292,164.039636,-707.0056712,-26.40136817,-1.716,0.0482,-0.00032721,-0.111102655,-0.005899349,0.001750205,0.129650183,1.26E-05,-5.74E-06,-0.00018969,1070.656683,-2578.781342,3399.241133,-2352.474101,2960.247537,3.066848949,-1.794353728,-7.212421908,2.975023224,-10.57385293,-10.57920122,-2.020494157,3.15067933,192.0126008,-695.3848617,-0.085404188,2.729133736,35.11588925,1805.527599,0.007160257,0.01064884,-0.085404188
23,1.1441,0.6404,0.2403,0.3081,0.0946,320.9746,317,107560,1,366.061868,-13326.25411,-55.68643292,164.039636,-707.0056712,-26.40136817,-1.326,0.0318,-0.00032721,-0.111102655,-0.005899349,0.001750205,0.129650183,1.26E-05,-5.74E-06,-0.00018969,1070.656683,-2578.781342,3399.241133,-2352.474101,2960.247537,3.066848949,-1.794353728,-7.212421908,2.975023224,-10.57385293,-10.57920122,-2.020494157,3.15067933,192.0126008,-695.3848617,-0.085404188,2.729133736,35.11588925,1805.527599,0.007160257,0.01064884,-0.085404188
24,1.4068,0.7853,0.2406,0.2815,0.1073,319.4658,317,107560,1,366.061868,-13326.25411,-55.68643292,164.039636,-707.0056712,-26.40136817,-2.9397,0.0433,-0.00032721,-0.111102655,-0.005899349,0.001750205,0.129650183,1.26E-05,-5.74E-06,-0.00018969,1070.656683,-2578.781342,3399.241133,-2352.474101,2960.247537,3.066848949,-1.794353728,-7.212421908,2.975023224,-10.57385293,-10.57920122,-2.020494157,3.15067933,192.0126008,-695.3848617,-0.085404188,2.729133736,35.11588925,1805.527599,0.007160257,0.01064884,-0.085404188
25,1.7116,0.6391,0.277,0.2891,0.105,316.5178,317,107560,1,366.061868,-13326.25411,-55.68643292,164.039636,-707.0056712,-26.40136817,-2.0988,0.0411,-0.00032721,-0.111102655,-0.005899349,0.001750205,0.129650183,1.26E-05,-5.74E-06,-0.00018969,1070.656683,-2578.781342,3399.241133,-2352.474101,2960.247537,3.066848949,-1.794353728,-7.212421908,2.975023224,-10.57385293,-10.57920122,-2.020494157,3.15067933,192.0126008,-695.3848617,-0.085404188,2.729133736,35.11588925,1805.527599,0.007160257,0.01064884,-0.085404188
26,1.2766,0.4885,0.1158,0.3072,0.0985,316.1773,317,107560,1,366.061868,-13326.25411,-55.68643292,164.039636,-707.0056712,-26.40136817,-2.822,0.0383,-0.00032721,-0.111102655,-0.005899349,0.001750205,0.129650183,1.26E-05,-5.74E-06,-0.00018969,1070.656683,-2578.781342,3399.241133,-2352.474101,2960.247537,3.066848949,-1.794353728,-7.212421908,2.975023224,-10.57385293,-10.57920122,-2.020494157,3.15067933,192.0126008,-695.3848617,-0.085404188,2.729133736,35.11588925,1805.527599,0.007160257,0.01064884,-0.085404188
27,1.6015,0.7109,0.1193,0.2896,0.0917,315.9491,317,107560,1,366.061868,-13326.25411,-55.68643292,164.039636,-707.0056712,-26.40136817,-2.1281,0.0288,-0.00032721,-0.111102655,-0.005899349,0.001750205,0.129650183,1.26E-05,-5.74E-06,-0.00018969,1070.656683,-2578.781342,3399.241133,-2352.474101,2960.247537,3.066848949,-1.794353728,-7.212421908,2.975023224,-10.57385293,-10.57920122,-2.020494157,3.15067933,192.0126008,-695.3848617,-0.085404188,2.729133736,35.11588925,1805.527599,0.007160257,0.01064884,-0.085404188
28,1.1566,0.6505,0.237,0.3237,0.1046,314.9682,317,107560,1,366.061868,-13326.25411,-55.68643292,164.039636,-707.0056712,-26.40136817,-1.8226,0.0426,-0.00032721,-0.111102655,-0.005899349,0.001750205,0.129650183,1.26E-05,-5.74E-06,-0.00018969,1070.656683,-2578.781342,3399.241133,-2352.474101,2960.247537,3.066848949,-1.794353728,-7.212421908,2.975023224,-10.57385293,-10.57920122,-2.020494157,3.15067933,192.0126008,-695.3848617,-0.085404188,2.729133736,35.11588925,1805.527599,0.007160257,0.01064884,-0.085404188
29,2.0635,0.7337,0.2309,0.2968,0.0982,315.9831,317,107560,1,366.061868,-13326.25411,-55.68643292,164.039636,-707.0056712,-26.40136817,-2.1112,0.0294,-0.00032721,-0.111102655,-0.005899349,0.001750205,0.129650183,1.26E-05,-5.74E-06,-0.00018969,1070.656683,-2578.781342,3399.241133,-2352.474101,2960.247537,3.066848949,-1.794353728,-7.212421908,2.975023224,-10.57385293,-10.57920122,-2.020494157,3.15067933,192.0126008,-695.3848617,-0.085404188,2.729133736,35.11588925,1805.527599,0.007160257,0.01064884,-0.085404188
30,1.9907,0.6793,0.1414,0.326,0.1034,320.1624,317,107560,1,366.061868,-13326.25411,-55.68643292,164.039636,-707.0056712,-26.40136817,-1.3438,0.0408,-0.00032721,-0.111102655,-0.005899349,0.001750205,0.129650183,1.26E-05,-5.74E-06,-0.00018969,1070.656683,-2578.781342,3399.241133,-2352.474101,2960.247537,3.066848949,-1.794353728,-7.212421908,2.975023224,-10.57385293,-10.57920122,-2.020494157,3.15067933,192.0126008,-695.3848617,-0.085404188,2.729133736,35.11588925,1805.527599,0.007160257,0.01064884,-0.085404188
31,2.3457,0.6705,0.2031,0.3034,0.1097,318.4018,317,107560,1,366.061868,-13326.25411,-55.68643292,164.039636,-707.0056712,-26.40136817,-3.4218,0.048,-0.00032721,-0.111102655,-0.005899349,0.001750205,0.129650183,1.26E-05,-5.74E-06,-0.00018969,1070.656683,-2578.781342,3399.241133,-2352.474101,2960.247537,3.066848949,-1.794353728,-7.212421908,2.975023224,-10.57385293,-10.57920122,-2.020494157,3.15067933,192.0126008,-695.3848617,-0.085404188,2.729133736,35.11588925,1805.527599,0.007160257,0.01064884,-0.085404188
32,1.138,0.7736,0.1583,0.3004,0.0901,317.7918,317,107560,1,366.061868,-13326.25411,-55.68643292,164.039636,-707.0056712,-26.40136817,-3.0582,0.0391,-0.00032721,-0.111102655,-0.005899349,0.001750205,0.129650183,1.26E-05,-5.74E-06,-0.00018969,1070.656683,-2578.781342,3399.241133,-2352.474101,2960.247537,3.066848949,-1.794353728,-7.212421908,2.975023224,-10.57385293,-10.57920122,-2.020494157,3.15067933,192.0126008,-695.3848617,-0.085404188,2.729133736,35.11588925,1805.527599,0.007160257,0.01064884,-0.085404188
33,2.415,0.764,0.1395,0.3265,0.1049,318.2202,317,107560,1,366.061868,-13326.25411,-55.68643292,164.039636,-707.0056712,-26.40136817,-1.4447,0.0286,-0.00032721,-0.111102655,-0.005899349,0.001750205,0.129650183,1.26E-05,-5.74E-06,-0.00018969,1070.656683,-2578.781342,3399.241133,-2352.474101,2960.247537,3.066848949,-1.794353728,-7.212421908,2.975023224,-10.57385293,-10.57920122,-2.020494157,3.15067933,192.0126008,-695.3848617,-0.085404188,2.729133736,35.11588925,1805.527599,0.007160257,0.01064884,-0.085404188
34,1.9256,0.6886,0.1735,0.2944,0.091,320.8774,317,107560,1,366.061868,-13326.25411,-55.68643292,164.039636,-707.0056712,-26.40136817,-3.2607,0.0434,-0.00032721,-0.111102655,-0.005899349,0.001750205,0.129650183,1.26E-05,-5.74E-06,-0.00018969,1070.656683,-2578.781342,3399.241133,-2352.474101,2960.247537,3.066848949,-1.794353728,-7.212421908,2.975023224,-10.57385293,-10.57920122,-2.020494157,3.15067933,192.0126008,-695.3848617,-0.085404188,2.729133736,35.11588925,1805.527599,0.007160257,0.01064884,-0.085404188
35,1.1789,0.4827,0.2105,0.3057,0.099,321.1867,317,107560,1,366.061868,-13326.25411,-55.68643292,164.039636,-707.0056712,-26.40136817,-1.9941,0.0436,-0.00032721,-0.111102655,-0.005899349,0.001750205,0.129650183,1.26E-05,-5.74E-06,-0.00018969,1070.656683,-2578.781342,3399.241133,-2352.474101,2960.247537,3.066848949,-1.794353728,-7.212421908,2.975023224,-10.57385293,-10.57920122,-2.020494157,3.15067933,192.0126008,-695.3848617,-0.085404188,2.729133736,35.11588925,1805.527599,0.007160257,0.01064884,-0.085404188
36,1.3153,0.5513,0.2243,0.2766,0.0974,320.5379,317,107560,1,366.061868,-13326.25411,-55.68643292,164.039636,-707.0056712,-26.40136817,-2.6367,0.0364,-0.00032721,-0.111102655,-0.005899349,0.001750205,0.129650183,1.26E-05,-5.74E-06,-0.00018969,1070.656683,-2578.781342,3399.241133,-2352.474101,2960.247537,3.066848949,-1.794353728,-7.212421908,2.975023224,-10.57385293,-10.57920122,-2.020494157,3.15067933,192.0126008,-695.3848617,-0.085404188,2.729133736,35.11588925,1805.527599,0.007160257,0.01064884,-0.085404188
37,1.7765,0.5534,0.2295,0.2858,0.0933,318.8636,317,107560,1,366.061868,-13326.25411,-55.68643292,164.039636,-707.0056712,-26.40136817,-1.0082,0.036,-0.00032721,-0.111102655,-0.005899349,0.001750205,0.129650183,1.26E-05,-5.74E-06,-0.00018969,1070.656683,-2578.781342,3399.241133,-2352.474101,2960.247537,3.066848949,-1.794353728,-7.212421908,2.975023224,-10.57385293,-10.57920122,-2.020494157,3.15067933,192.0126008,-695.3848617,-0.085404188,2.729133736,35.11588925,1805.527599,0.007160257,0.01064884,-0.085404188
38,1.2108,0.7531,0.2528,0.2975,0.0986,315.2623,317,107560,1,366.061868,-13326.25411,-55.68643292,164.039636,-707.0056712,-26.40136817,-0.67,0.0377,-0.00032721,-0.111102655,-0.005899349,0.001750205,0.129650183,1.26E-05,-5.74E-06,-0.00018969,1070.656683,-2578.781342,3399.241133,-2352.474101,2960.247537,3.066848949,-1.794353728,-7.212421908,2.975023224,-10.57385293,-10.57920122,-2.020494157,3.15067933,192.0126008,-695.3848617,-0.085404188,2.729133736,35.11588925,1805.527599,0.007160257,0.01064884,-0.085404188
39,1.3409,0.6019,0.1085,0.2765,0.1033,317.7561,317,107560,1,366.061868,-13326.25411,-55.68643292,164.039636,-707.0056712,-26.40136817,-2.1465,0.0595,-0.00032721,-0.111102655,-0.005899349,0.001750205,0.129650183,1.26E-05,-5.74E-06,-0.00018969,1070.656683,-2578.781342,3399.241133,-2352.474101,2960.247537,3.066848949,-1.794353728,-7.212421908,2.975023224,-10.57385293,-10.57920122,-2.020494157,3.15067933,192.0126008,-695.3848617,-0.085404188,2.729133736,35.11588925,1805.527599,0.007160257,0.01064884,-0.085404188
40,2.5027,0.7655,0.113,0.3109,0.0915,314.1107,317,107560,1,366.061868,-13326.25411,-55.68643292,164.039636,-707.0056712,-26.40136817,-2.6017,0.0321,-0.00032721,-0.111102655,-0.005899349,0.001750205,0.129650183,1.26E-05,-5.74E-06,-0.00018969,1070.656683,-2578.781342,3399.241133,-2352.474101,2960.247537,3.066848949,-1.794353728,-7.212421908,2.975023224,-10.57385293,-10.57920122,-2.020494157,3.15067933,192.0126008,-695.3848617,-0.085404188,2.729133736,35.11588925,1805.527599,0.007160257,0.01064884,-0.085404188
41,1.8243,0.6962,0.2555,0.3111,0.0923,316.0005,317,107560,1,366.061868,-13326.25411,-55.68643292,164.039636,-707.0056712,-26.40136817,-1.1632,0.0252,-0.00032721,-0.111102655,-0.005899349,0.001750205,0.129650183,1.26E-05,-5.74E-06,-0.00018969,1070.656683,-2578.781342,3399.241133,-2352.474101,2960.247537,3.066848949,-1.794353728,-7.212421908,2.975023224,-10.57385293,-10.57920122,-2.020494157,3.15067933,192.0126008,-695.3848617,-0.085404188,2.729133736,35.11588925,1805.527599,0.007160257,0.01064884,-0.085404188
42,2.4301,0.7449,0.1922,0.2776,0.104,319.3605,317,107560,1,366.061868,-13326.25411,-55.68643292,164.039636,-707.0056712,-26.40136817,-2.3904,0.0224,-0.00032721,-0.111102655,-0.005899349,0.001750205,0.129650183,1.26E-05,-5.74E-06,-0.00018969,1070.656683,-2578.781342,3399.241133,-2352.474101,2960.247537,3.066848949,-1.794353728,-7.212421908,2.975023224,-10.57385293,-10.57920122,-2.020494157,3.15067933,192.0126008,-695.3848617,-0.085404188,2.729133736,35.11588925,1805.527599,0.007160257,0.01064884,-0.085404188
43,1.4501,0.4862,0.1285,0.3147,0.108,321.5306,317,107560,1,366.061868,-13326.25411,-55.68643292,164.039636,-707.0056712,-26.40136817,-0.825,0.0213,-0.00032721,-0.111102655,-0.005899349,0.001750205,0.129650183,1.26E-05,-5.74E-06,-0.00018969,1070.656683,-2578.781342,3399.241133,-2352.474101,2960.247537,3.066848949,-1.794353728,-7.212421908,2.975023224,-10.57385293,-10.57920122,-2.020494157,3.15067933,192.0126008,-695.3848617,-0.085404188,2.729133736,35.11588925,1805.527599,0.007160257,0.01064884,-0.085404188
44,1.5661,0.4749,0.1738,0.2921,0.0938,321.3119,317,107560,1,366.061868,-13326.25411,-55.68643292,164.039636,-707.0056712,-26.40136817,-1.8797,0.0461,-0.00032721,-0.111102655,-0.005899349,0.001750205,0.129650183,1.26E-05,-5.74E-06,-0.00018969,1070.656683,-2578.781342,3399.241133,-2352.474101,2960.247537,3.066848949,-1.794353728,-7.212421908,2.975023224,-10.57385293,-10.57920122,-2.020494157,3.15067933,192.0126008,-695.3848617,-0.085404188,2.729133736,35.11588925,1805.527599,0.007160257,0.01064884,-0.085404188
45,1.0676,0.6513,0.2812,0.2778,0.1015,317.4076,317,107560,1,366.061868,-13326.25411,-55.68643292,164.039636,-707.0056712,-26.40136817,-0.8625,0.0227,-0.00032721,-0.111102655,-0.005899349,0.001750205,0.129650183,1.26E-05,-5.74E-06,-0.00018969,1070.656683,-2578.781342,3399.241133,-2352.474101,2960.247537,3.066848949,-1.794353728,-7.212421908,2.975023224,-10.57385293,-10.57920122,-2.020494157,3.15067933,192.0126008,-695.3848617,-0.085404188,2.729133736,35.11588925,1805.527599,0.007160257,0.01064884,-0.085404188
46,2.5307,0.7543,0.282,0.3271,0.0947,317.5421,317,107560,1,366.061868,-13326.25411,-55.68643292,164.039636,-707.0056712,-26.40136817,-2.0407,0.0272,-0.00032721,-0.111102655,-0.005899349,0.001750205,0.129650183,1.26E-05,-5.74E-06,-0.00018969,1070.656683,-2578.781342,3399.241133,-2352.474101,2960.247537,3.066848949,-1.794353728,-7.212421908,2.975023224,-10.57385293,-10.57920122,-2.020494157,3.15067933,192.0126008,-695.3848617,-0.085404188,2.729133736,35.11588925,1805.527599,0.007160257,0.01064884,-0.085404188
47,1.6081,0.5567,0.2595,0.3276,0.1085,320.4322,317,107560,1,366.061868,-13326.25411,-55.68643292,164.039636,-707.0056712,-26.40136817,-2.3864,0.0451,-0.00032721,-0.111102655,-0.005899349,0.001750205,0.129650183,1.26E-05,-5.74E-06,-0.00018969,1070.656683,-2578.781342,3399.241133,-2352.474101,2960.247537,3.066848949,-1.794353728,-7.212421908,2.975023224,-10.57385293,-10.57920122,-2.020494157,3.15067933,192.0126008,-695.3848617,-0.085404188,2.729133736,35.11588925,1805.527599,0.007160257,0.01064884,-0.085404188
48,2.0572,0.6484,0.1203,0.3091,0.0996,315.3062,317,107560,1,366.061868,-13326.25411,-55.68643292,164.039636,-707.0056712,-26.40136817,-1.7603,0.0333,-0.00032721,-0.111102655,-0.005899349,0.001750205,0.129650183,1.26E-05,-5.74E-06,-0.00018969,1070.656683,-2578.781342,3399.241133,-2352.474101,2960.247537,3.066848949,-1.794353728,-7.212421908,2.975023224,-10.57385293,-10.57920122,-2.020494157,3.15067933,192.0126008,-695.3848617,-0.085404188,2.729133736,35.11588925,1805.527599,0.007160257,0.01064884,-0.085404188
49,1.4126,0.677,0.1307,0.3063,0.1007,319.9953,317,107560,1,366.061868,-13326.25411,-55.68643292,164.039636,-707.0056712,-26.40136817,-2.4565,0.0243,-0.00032721,-0.111102655,-0.005899349,0.001750205,0.129650183,1.26E-05,-5.74E-06,-0.00018969,1070.656683,-2578.781342,3399.241133,-2352.474101,2960.247537,3.066848949,-1.794353728,-7.212421908,2.975023224,-10.57385293,-10.57920122,-2.020494157,3.15067933,192.0126008,-695.3848617,-0.085404188,2.729133736,35.11588925,1805.527599,0.007160257,0.01064884,-0.085404188
50,1.9771,0.7071,0.2229,0.3283,0.102,320.9104,317,107560,1,366.061868,-13326.25411,-55.68643292,164.039636,-707.0056712,-26.40136817,-1.0519,0.031,-0.00032721,-0.111102655,-0.005899349,0.001750205,0.129650183,1.26E-05,-5.74E-06,-0.00018969,1070.656683,-2578.781342,3399.241133,-2352.474101,2960.247537,3.066848949,-1.794353728,-7.212421908,2.975023224,-10.57385293,-10.57920122,-2.020494157,3.15067933,192.0126008,-695.3848617,-0.085404188,2.729133736,35.11588925,1805.527599,0.007160257,0.01064884,-0.085404188
51,2.4593,0.7783,0.2916,0.271,0.1023,316.2739,317,107560,1,366.061868,-13326.25411,-55.68643292,164.039636,-707.0056712,-26.40136817,-1.6676,0.0398,-0.00032721,-0.111102655,-0.005899349,0.001750205,0.129650183,1.26E-05,-5.74E-06,-0.00018969,1070.656683,-2578.781342,3399.241133,-2352.474101,2960.247537,3.066848949,-1.794353728,-7.212421908,2.975023224,-10.57385293,-10.57920122,-2.020494157,3.15067933,192.0126008,-695.3848617,-0.085404188,2.729133736,35.11588925,1805.527599,0.007160257,0.01064884,-0.085404188
52,1.3873,0.5722,0.1909,0.2923,0.0905,318.8205,317,107560,1,366.061868,-13326.25411,-55.68643292,164.039636,-707.0056712,-26.40136817,-2.3216,0.0437,-0.00032721,-0.111102655,-0.005899349,0.001750205,0.129650183,1.26E-05,-5.74E-06,-0.00018969,1070.656683,-2578.781342,3399.241133,-2352.474101,2960.247537,3.066848949,-1.794353728,-7.212421908,2.975023224,-10.57385293,-10.57920122,-2.020494157,3.15067933,192.0126008,-695.3848617,-0.085404188,2.729133736,35.11588925,1805.527599,0.007160257,0.01064884,-0.085404188
53,1.5077,0.4976,0.2416,0.3274,0.0932,318.3086,317,107560,1,366.061868,-13326.25411,-55.68643292,164.039636,-707.0056712,-26.40136817,-1.5581,0.0521,-0.00032721,-0.111102655,-0.005899349,0.001750205,0.129650183,1.26E-05,-5.74E-06,-0.00018969,1070.656683,-2578.781342,3399.241133,-2352.474101,2960.247537,3.066848949,-1.794353728,-7.212421908,2.975023224,-10.57385293,-10.57920122,-2.020494157,3.15067933,192.0126008,-695.3848617,-0.085404188,2.729133736,35.11588925,1805.527599,0.007160257,0.01064884,-0.085404188
54,1.1312,0.5932,0.2023,0.3152,0.1016,320.274,317,107560,1,366.061868,-13326.25411,-55.68643292,164.039636,-707.0056712,-26.40136817,-1.3833,0.053,-0.00032721,-0.111102655,-0.005899349,0.001750205,0.129650183,1.26E-05,-5.74E-06,-0.00018969,1070.656683,-2578.781342,3399.241133,-2352.474101,2960.247537,3.066848949,-1.794353728,-7.212421908,2.975023224,-10.57385293,-10.57920122,-2.020494157,3.15067933,192.0126008,-695.3848617,-0.085404188,2.729133736,35.11588925,1805.527599,0.007160257,0.01064884,-0.085404188
55,1.1805,0.7422,0.1261,0.2804,0.1033,321.2993,317,107560,1,366.061868,-13326.25411,-55.68643292,164.039636,-707.0056712,-26.40136817,-2.5124,0.0216,-0.00032721,-0.111102655,-0.005899349,0.001750205,0.129650183,1.26E-05,-5.74E-06,-0.00018969,1070.656683,-2578.781342,3399.241133,-2352.474101,2960.247537,3.066848949,-1.794353728,-7.212421908,2.975023224,-10.57385293,-10.57920122,-2.020494157,3.15067933,192.0126008,-695.3848617,-0.085404188,2.729133736,35.11588925,1805.527599,0.007160257,0.01064884,-0.085404188
56,1.8095,0.7064,0.1017,0.3118,0.0962,318.4886,317,107560,1,366.061868,-13326.25411,-55.68643292,164.039636,-707.0056712,-26.40136817,-1.0419,0.0382,-0.00032721,-0.111102655,-0.005899349,0.001750205,0.129650183,1.26E-05,-5.74E-06,-0.00018969,1070.656683,-2578.781342,3399.241133,-2352.474101,2960.247537,3.066848949,-1.794353728,-7.212421908,2.975023224,-10.57385293,-10.57920122,-2.020494157,3.15067933,192.0126008,-695.3848617,-0.085404188,2.729133736,35.11588925,1805.527599,0.007160257,0.01064884,-0.085404188
57,1.3379,0.4005,0.1763,0.2877,0.0998,321.4582,317,107560,1,366.061868,-13326.25411,-55.68643292,164.039636,-707.0056712,-26.40136817,-2.7017,0.04,-0.00032721,-0.111102655,-0.005899349,0.001750205,0.129650183,1.26E-05,-5.74E-06,-0.00018969,1070.656683,-2578.781342,3399.241133,-2352.474101,2960.247537,3.066848949,-1.794353728,-7.212421908,2.975023224,-10.57385293,-10.57920122,-2.020494157,3.15067933,192.0126008,-695.3848617,-0.085404188,2.729133736,35.11588925,1805.527599,0.007160257,0.01064884,-0.085404188
58,1.5446,0.6096,0.152,0.2871,0.1058,314.9114,317,107560,1,366.061868,-13326.25411,-55.68643292,164.039636,-707.0056712,-26.40136817,-0.9808,0.021,-0.00032721,-0.111102655,-0.005899349,0.001750205,0.129650183,1.26E-05,-5.74E-06,-0.00018969,1070.656683,-2578.781342,3399.241133,-2352.474101,2960.247537,3.066848949,-1.794353728,-7.212421908,2.975023224,-10.57385293,-10.57920122,-2.020494157,3.15067933,192.0126008,-695.3848617,-0.085404188,2.729133736,35.11588925,1805.527599,0.007160257,0.01064884,-0.085404188
59,1.5751,0.7799,0.1473,0.3259,0.1065,316.4991,317,107560,1,366.061868,-13326.25411,-55.68643292,164.039636,-707.0056712,-26.40136817,-2.8046,0.0407,-0.00032721,-0.111102655,-0.005899349,0.001750205,0.129650183,1.26E-05,-5.74E-06,-0.00018969,1070.656683,-2578.781342,3399.241133,-2352.474101,2960.247537,3.066848949,-1.794353728,-7.212421908,2.975023224,-10.57385293,-10.57920122,-2.020494157,3.15067933,192.0126008,-695.3848617,-0.085404188,2.729133736,35.11588925,1805.527599,0.007160257,0.01064884,-0.085404188
60,1.8841,0.7898,0.2643,0.2705,0.0989,321.9184,317,107560,1,366.061868,-13326.25411,-55.68643292,164.039636,-707.0056712,-26.40136817,-3.3607,0.0489,-0.00032721,-0.111102655,-0.005899349,0.001750205,0.129650183,1.26E-05,-5.74E-06,-0.00018969,1070.656683,-2578.781342,3399.241133,-2352.474101,2960.247537,3.066848949,-1.794353728,-7.212421908,2.975023224,-10.57385293,-10.57920122,-2.020494157,3.15067933,192.0126008,-695.3848617,-0.085404188,2.729133736,35.11588925,1805.527599,0.007160257,0.01064884,-0.085404188
61,1.6252,0.7648,0.2922,0.2729,0.101,321.574,317,107560,1,366.061868,-13326.25411,-55.68643292,164.039636,-707.0056712,-26.40136817,-3.4881,0.0459,-0.00032721,-0.111102655,-0.005899349,0.001750205,0.129650183,1.26E-05,-5.74E-06,-0.00018969,1070.656683,-2578.781342,3399.241133,-2352.474101,2960.247537,3.066848949,-1.794353728,-7.212421908,2.975023224,-10.57385293,-10.57920122,-2.020494157,3.15067933,192.0126008,-695.3848617,-0.085404188,2.729133736,35.11588925,1805.527599,0.007160257,0.01064884,-0.085404188
62,1.2691,0.5871,0.1349,0.3113,0.0922,319.9434,317,107560,1,366.061868,-13326.25411,-55.68643292,164.039636,-707.0056712,-26.40136817,-2.681,0.0242,-0.00032721,-0.111102655,-0.005899349,0.001750205,0.129650183,1.26E-05,-5.74E-06,-0.00018969,1070.656683,-2578.781342,3399.241133,-2352.474101,2960.247537,3.066848949,-1.794353728,-7.212421908,2.975023224,-10.57385293,-10.57920122,-2.020494157,3.15067933,192.0126008,-695.3848617,-0.085404188,2.729133736,35.11588925,1805.527599,0.007160257,0.01064884,-0.085404188
63,2.0461,0.6295,0.1113,0.3205,0.0914,321.3639,317,107560,1,366.061868,-13326.25411,-55.68643292,164.039636,-707.0056712,-26.40136817,-2.3099,0.0221,-0.00032721,-0.111102655,-0.005899349,0.001750205,0.129650183,1.26E-05,-5.74E-06,-0.00018969,1070.656683,-2578.781342,3399.241133,-2352.474101,2960.247537,3.066848949,-1.794353728,-7.212421908,2.975023224,-10.57385293,-10.57920122,-2.020494157,3.15067933,192.0126008,-695.3848617,-0.085404188,2.729133736,35.11588925,1805.527599,0.007160257,0.01064884,-0.085404188
64,1.9683,0.7011,0.2737,0.3173,0.1049,319.3063,317,107560,1,366.061868,-13326.25411,-55.68643292,164.039636,-707.0056712,-26.40136817,-2.1168,0.0379,-0.00032721,-0.111102655,-0.005899349,0.001750205,0.129650183,1.26E-05,-5.74E-06,-0.00018969,1070.656683,-2578.781342,3399.241133,-2352.474101,2960.247537,3.066848949,-1.794353728,-7.212421908,2.975023224,-10.57385293,-10.57920122,-2.020494157,3.15067933,192.0126008,-695.3848617,-0.085404188,2.729133736,35.11588925,1805.527599,0.007160257,0.01064884,-0.085404188
65,1.5363,0.7277,0.2472,0.2863,0.0964,316.7978,317,107560,1,366.061868,-13326.25411,-55.68643292,164.039636,-707.0056712,-26.40136817,-2.5484,0.0454,-0.00032721,-0.111102655,-0.005899349,0.001750205,0.129650183,1.26E-05,-5.74E-06,-0.00018969,1070.656683,-2578.781342,3399.241133,-2352.474101,2960.247537,3.066848949,-1.794353728,-7.212421908,2.975023224,-10.57385293,-10.57920122,-2.020494157,3.15067933,192.0126008,-695.3848617,-0.085404188,2.729133736,35.11588925,1805.527599,0.007160257,0.01064884,-0.085404188
66,1.8402,0.6004,0.1293,0.3244,0.0953,319.2882,317,107560,1,366.061868,-13326.25411,-55.68643292,164.039636,-707.0056712,-26.40136817,-3.4527,0.0594,-0.00032721,-0.111102655,-0.005899349,0.001750205,0.129650183,1.26E-05,-5.74E-06,-0.00018969,1070.656683,-2578.781342,3399.241133,-2352.474101,2960.247537,3.066848949,-1.794353728,-7.212421908,2.975023224,-10.57385293,-10.57920122,-2.020494157,3.15067933,192.0126008,-695.3848617,-0.085404188,2.729133736,35.11588925,1805.527599,0.007160257,0.01064884,-0.085404188
67,1.2637,0.6064,0.2533,0.3143,0.1098,314.6252,317,107560,1,366.061868,-13326.25411,-55.68643292,164.039636,-707.0056712,-26.40136817,-1.5184,0.0404,-0.00032721,-0.111102655,-0.005899349,0.001750205,0.129650183,1.26E-05,-5.74E-06,-0.00018969,1070.656683,-2578.781342,3399.241133,-2352.474101,2960.247537,3.066848949,-1.794353728,-7.212421908,2.975023224,-10.57385293,-10.57920122,-2.020494157,3.15067933,192.0126008,-695.3848617,-0.085404188,2.729133736,35.11588925,1805.527599,0.007160257,0.01064884,-0.085404188
68,1.1541,0.7376,0.2232,0.2786,0.0907,314.2648,317,107560,1,366.061868,-13326.25411,-55.68643292,164.039636,-707.0056712,-26.40136817,-1.2683,0.0504,-0.00032721,-0.111102655,-0.005899349,0.001750205,0.129650183,1.26E-05,-5.74E-06,-0.00018969,1070.656683,-2578.781342,3399.241133,-2352.474101,2960.247537,3.066848949,-1.794353728,-7.212421908,2.975023224,-10.57385293,-10.57920122,-2.020494157,3.15067933,192.0126008,-695.3848617,-0.085404188,2.729133736,35.11588925,1805.527599,0.007160257,0.01064884,-0.085404188
69,1.0868,0.7351,0.173,0.3036,0.109,320.3855,317,107560,1,366.061868,-13326.25411,-55.68643292,164.039636,-707.0056712,-26.40136817,-0.9899,0.0479,-0.00032721,-0.111102655,-0.005899349,0.001750205,0.129650183,1.26E-05,-5.74E-06,-0.00018969,1070.656683,-2578.781342,3399.241133,-2352.474101,2960.247537,3.066848949,-1.794353728,-7.212421908,2.975023224,-10.57385293,-10.57920122,-2.020494157,3.15067933,192.0126008,-695.3848617,-0.085404188,2.729133736,35.11588925,1805.527599,0.007160257,0.01064884,-0.085404188
70,1.1859,0.753,0.2422,0.3068,0.0992,320.4633,317,107560,1,366.061868,-13326.25411,-55.68643292,164.039636,-707.0056712,-26.40136817,-3.1888,0.0388,-0.00032721,-0.111102655,-0.005899349,0.001750205,0.129650183,1.26E-05,-5.74E-06,-0.00018969,1070.656683,-2578.781342,3399.241133,-2352.474101,2960.247537,3.066848949,-1.794353728,-7.212421908,2.975023224,-10.57385293,-10.57920122,-2.020494157,3.15067933,192.0126008,-695.3848617,-0.085404188,2.729133736,35.11588925,1805.527599,0.007160257,0.01064884,-0.085404188
71,1.0256,0.7684,0.2342,0.2861,0.1042,316.6196,317,107560,1,366.061868,-13326.25411,-55.68643292,164.039636,-707.0056712,-26.40136817,-1.1711,0.0231,-0.00032721,-0.111102655,-0.005899349,0.001750205,0.129650183,1.26E-05,-5.74E-06,-0.00018969,1070.656683,-2578.781342,3399.241133,-2352.474101,2960.247537,3.066848949,-1.794353728,-7.212421908,2.975023224,-10.57385293,-10.57920122,-2.020494157,3.15067933,192.0126008,-695.3848617,-0.085404188,2.729133736,35.11588925,1805.527599,0.007160257,0.01064884,-0.085404188
72,1.7306,0.6043,0.299,0.3094,0.0959,318.9382,317,107560,1,366.061868,-13326.25411,-55.68643292,164.039636,-707.0056712,-26.40136817,-1.3935,0.0225,-0.00032721,-0.111102655,-0.005899349,0.001750205,0.129650183,1.26E-05,-5.74E-06,-0.00018969,1070.656683,-2578.781342,3399.241133,-2352.474101,2960.247537,3.066848949,-1.794353728,-7.212421908,2.975023224,-10.57385293,-10.57920122,-2.020494157,3.15067933,192.0126008,-695.3848617,-0.085404188,2.729133736,35.11588925,1805.527599,0.007160257,0.01064884,-0.085404188
73,2.1092,0.6876,0.1789,0.2754,0.1001,317.6882,317,107560,1,366.061868,-13326.25411,-55.68643292,164.039636,-707.0056712,-26.40136817,-1.0235,0.0393,-0.00032721,-0.111102655,-0.005899349,0.001750205,0.129650183,1.26E-05,-5.74E-06,-0.00018969,1070.656683,-2578.781342,3399.241133,-2352.474101,2960.247537,3.066848949,-1.794353728,-7.212421908,2.975023224,-10.57385293,-10.57920122,-2.020494157,3.15067933,192.0126008,-695.3848617,-0.085404188,2.729133736,35.11588925,1805.527599,0.007160257,0.01064884,-0.085404188
74,1.5639,0.6898,0.2166,0.3046,0.0963,317.5105,317,107560,1,366.061868,-13326.25411,-55.68643292,164.039636,-707.0056712,-26.40136817,-2.5927,0.048,-0.00032721,-0.111102655,-0.005899349,0.001750205,0.129650183,1.26E-05,-5.74E-06,-0.00018969,1070.656683,-2578.781342,3399.241133,-2352.474101,2960.247537,3.066848949,-1.794353728,-7.212421908,2.975023224,-10.57385293,-10.57920122,-2.020494157,3.15067933,192.0126008,-695.3848617,-0.085404188,2.729133736,35.11588925,1805.527599,0.007160257,0.01064884,-0.085404188
75,1.7703,0.5407,0.1689,0.2997,0.0972,314.7002,317,107560,1,366.061868,-13326.25411,-55.68643292,164.039636,-707.0056712,-26.40136817,-2.1408,0.0507,-0.00032721,-0.111102655,-0.005899349,0.001750205,0.129650183,1.26E-05,-5.74E-06,-0.00018969,1070.656683,-2578.781342,3399.241133,-2352.474101,2960.247537,3.066848949,-1.794353728,-7.212421908,2.975023224,-10.57385293,-10.57920122,-2.020494157,3.15067933,192.0126008,-695.3848617,-0.085404188,2.729133736,35.11588925,1805.527599,0.007160257,0.01064884,-0.085404188
76,1.2428,0.5716,0.2605,0.321,0.1061,319.135,317,107560,1,366.061868,-13326.25411,-55.68643292,164.039636,-707.0056712,-26.40136817,-2.902,0.0535,-0.00032721,-0.111102655,-0.005899349,0.001750205,0.129650183,1.26E-05,-5.74E-06,-0.00018969,1070.656683,-2578.781342,3399.241133,-2352.474101,2960.247537,3.066848949,-1.794353728,-7.212421908,2.975023224,-10.57385293,-10.57920122,-2.020494157,3.15067933,192.0126008,-695.3848617,-0.085404188,2.729133736,35.11588925,1805.527599,0.007160257,0.01064884,-0.085404188
77,1.7367,0.4967,0.1054,0.3087,0.1057,315.2141,317,107560,1,366.061868,-13326.25411,-55.68643292,164.039636,-707.0056712,-26.40136817,-2.2635,0.0262,-0.00032721,-0.111102655,-0.005899349,0.001750205,0.129650183,1.26E-05,-5.74E-06,-0.00018969,1070.656683,-2578.781342,3399.241133,-2352.474101,2960.247537,3.066848949,-1.794353728,-7.212421908,2.975023224,-10.57385293,-10.57920122,-2.020494157,3.15067933,192.0126008,-695.3848617,-0.085404188,2.729133736,35.11588925,1805.527599,0.007160257,0.01064884,-0.085404188
78,1.2968,0.5491,0.1954,0.3257,0.094,314.0253,317,107560,1,366.061868,-13326.25411,-55.68643292,164.039636,-707.0056712,-26.40136817,-2.9639,0.0388,-0.00032721,-0.111102655,-0.005899349,0.001750205,0.129650183,1.26E-05,-5.74E-06,-0.00018969,1070.656683,-2578.781342,3399.241133,-2352.474101,2960.247537,3.066848949,-1.794353728,-7.212421908,2.975023224,-10.57385293,-10.57920122,-2.020494157,3.15067933,192.0126008,-695.3848617,-0.085404188,2.729133736,35.11588925,1805.527599,0.007160257,0.01064884,-0.085404188
79,1.0707,0.4122,0.2397,0.2963,0.0937,315.6766,317,107560,1,366.061868,-13326.25411,-55.68643292,164.039636,-707.0056712,-26.40136817,-1.316,0.0488,-0.00032721,-0.111102655,-0.005899349,0.001750205,0.129650183,1.26E-05,-5.74E-06,-0.00018969,1070.656683,-2578.781342,3399.241133,-2352.474101,2960.247537,3.066848949,-1.794353728,-7.212421908,2.975023224,-10.57385293,-10.57920122,-2.020494157,3.15067933,192.0126008,-695.3848617,-0.085404188,2.729133736,35.11588925,1805.527599,0.007160257,0.01064884,-0.085404188
80,1.3527,0.4752,0.209,0.2806,0.0993,320.6222,317,107560,1,366.061868,-13326.25411,-55.68643292,164.039636,-707.0056712,-26.40136817,-2.7852,0.0527,-0.00032721,-0.111102655,-0.005899349,0.001750205,0.129650183,1.26E-05,-5.74E-06,-0.00018969,1070.656683,-2578.781342,3399.241133,-2352.474101,2960.247537,3.066848949,-1.794353728,-7.212421908,2.975023224,-10.57385293,-10.57920122,-2.020494157,3.15067933,192.0126008,-695.3848617,-0.085404188,2.729133736,35.11588925,1805.527599,0.007160257,0.01064884,-0.085404188
81,1.0128,0.4264,0.2572,0.2772,0.0975,320.6529,317,107560,1,366.061868,-13326.25411,-55.68643292,164.039636,-707.0056712,-26.40136817,-1.7704,0.0486,-0.00032721,-0.111102655,-0.005899349,0.001750205,0.129650183,1.26E-05,-5.74E-06,-0.00018969,1070.656683,-2578.781342,3399.241133,-2352.474101,2960.247537,3.066848949,-1.794353728,-7.212421908,2.975023224,-10.57385293,-10.57920122,-2.020494157,3.15067933,192.0126008,-695.3848617,-0.085404188,2.729133736,35.11588925,1805.527599,0.007160257,0.01064884,-0.085404188
82,1.4741,0.4354,0.1354,0.2831,0.0903,320.3618,317,107560,1,366.061868,-13326.25411,-55.68643292,164.039636,-707.0056712,-26.40136817,-2.2558,0.0376,-0.00032721,-0.111102655,-0.005899349,0.001750205,0.129650183,1.26E-05,-5.74E-06,-0.00018969,1070.656683,-2578.781342,3399.241133,-2352.474101,2960.247537,3.066848949,-1.794353728,-7.212421908,2.975023224,-10.57385293,-10.57920122,-2.020494157,3.15067933,192.0126008,-695.3848617,-0.085404188,2.729133736,35.11588925,1805.527599,0.007160257,0.01064884,-0.085404188
83,2.5388,0.798,0.1137,0.2738,0.0918,320.7484,317,107560,1,366.061868,-13326.25411,-55.68643292,164.039636,-707.0056712,-26.40136817,-2.8854,0.0285,-0.00032721,-0.111102655,-0.005899349,0.001750205,0.129650183,1.26E-05,-5.74E-06,-0.00018969,1070.656683,-2578.781342,3399.241133,-2352.474101,2960.247537,3.066848949,-1.794353728,-7.212421908,2.975023224,-10.57385293,-10.57920122,-2.020494157,3.15067933,192.0126008,-695.3848617,-0.085404188,2.729133736,35.11588925,1805.527599,0.007160257,0.01064884,-0.085404188
84,1.5312,0.6549,0.2707,0.2725,0.0998,320.211,317,107560,1,366.061868,-13326.25411,-55.68643292,164.039636,-707.0056712,-26.40136817,-2.5752,0.037,-0.00032721,-0.111102655,-0.005899349,0.001750205,0.129650183,1.26E-05,-5.74E-06,-0.00018969,1070.656683,-2578.781342,3399.241133,-2352.474101,2960.247537,3.066848949,-1.794353728,-7.212421908,2.975023224,-10.57385293,-10.57920122,-2.020494157,3.15067933,192.0126008,-695.3848617,-0.085404188,2.729133736,35.11588925,1805.527599,0.007160257,0.01064884,-0.085404188
85,2.3401,0.7566,0.1186,0.2816,0.0965,314.2379,317,107560,1,366.061868,-13326.25411,-55.68643292,164.039636,-707.0056712,-26.40136817,-2.5259,0.0425,-0.00032721,-0.111102655,-0.005899349,0.001750205,0.129650183,1.26E-05,-5.74E-06,-0.00018969,1070.656683,-2578.781342,3399.241133,-2352.474101,2960.247537,3.066848949,-1.794353728,-7.212421908,2.975023224,-10.57385293,-10.57920122,-2.020494157,3.15067933,192.0126008,-695.3848617,-0.085404188,2.729133736,35.11588925,1805.527599,0.007160257,0.01064884,-0.085404188
86,1.8758,0.7586,0.2561,0.3154,0.1047,318.843,317,107560,1,366.061868,-13326.25411,-55.68643292,164.039636,-707.0056712,-26.40136817,-2.1953,0.0457,-0.00032721,-0.111102655,-0.005899349,0.001750205,0.129650183,1.26E-05,-5.74E-06,-0.00018969,1070.656683,-2578.781342,3399.241133,-2352.474101,2960.247537,3.066848949,-1.794353728,-7.212421908,2.975023224,-10.57385293,-10.57920122,-2.020494157,3.15067933,192.0126008,-695.3848617,-0.085404188,2.729133736,35.11588925,1805.527599,0.007160257,0.01064884,-0.085404188
87,2.2921,0.7235,0.2017,0.2911,0.1015,315.5499,317,107560,1,366.061868,-13326.25411,-55.68643292,164.039636,-707.0056712,-26.40136817,-1.8878,0.0592,-0.00032721,-0.111102655,-0.005899349,0.001750205,0.129650183,1.26E-05,-5.74E-06,-0.00018969,1070.656683,-2578.781342,3399.241133,-2352.474101,2960.247537,3.066848949,-1.794353728,-7.212421908,2.975023224,-10.57385293,-10.57920122,-2.020494157,3.15067933,192.0126008,-695.3848617,-0.085404188,2.729133736,35.11588925,1805.527599,0.007160257,0.01064884,-0.085404188
88,1.2088,0.5469,0.1979,0.3276,0.0908,320.7999,317,107560,1,366.061868,-13326.25411,-55.68643292,164.039636,-707.0056712,-26.40136817,-1.8288,0.0312,-0.00032721,-0.111102655,-0.005899349,0.001750205,0.129650183,1.26E-05,-5.74E-06,-0.00018969,1070.656683,-2578.781342,3399.241133,-2352.474101,2960.247537,3.066848949,-1.794353728,-7.212421908,2.975023224,-10.57385293,-10.57920122,-2.020494157,3.15067933,192.0126008,-695.3848617,-0.085404188,2.729133736,35.11588925,1805.527599,0.007160257,0.01064884,-0.085404188
89,1.7259,0.6632,0.2618,0.3243,0.1051,317.7131,317,107560,1,366.061868,-13326.25411,-55.68643292,164.039636,-707.0056712,-26.40136817,-1.8616,0.0248,-0.00032721,-0.111102655,-0.005899349,0.001750205,0.129650183,1.26E-05,-5.74E-06,-0.00018969,1070.656683,-2578.781342,3399.241133,-2352.474101,2960.247537,3.066848949,-1.794353728,-7.212421908,2.975023224,-10.57385293,-10.57920122,-2.020494157,3.15067933,192.0126008,-695.3848617,-0.085404188,2.729133736,35.11588925,1805.527599,0.007160257,0.01064884,-0.085404188
90,1.4782,0.6473,0.2314,0.3183,0.1068,318.7625,317,107560,1,366.061868,-13326.25411,-55.68643292,164.039636,-707.0056712,-26.40136817,-2.6912,0.0554,-0.00032721,-0.111102655,-0.005899349,0.001750205,0.129650183,1.26E-05,-5.74E-06,-0.00018969,1070.656683,-2578.781342,3399.241133,-2352.474101,2960.247537,3.066848949,-1.794353728,-7.212421908,2.975023224,-10.57385293,-10.57920122,-2.020494157,3.15067933,192.0126008,-695.3848617,-0.085404188,2.729133736,35.11588925,1805.527599,0.007160257,0.01064884,-0.085404188
91,1.5991,0.5005,0.2804,0.2802,0.1057,318.3269,317,107560,1,366.061868,-13326.25411,-55.68643292,164.039636,-707.0056712,-26.40136817,-1.8513,0.0421,-0.00032721,-0.111102655,-0.005899349,0.001750205,0.129650183,1.26E-05,-5.74E-06,-0.00018969,1070.656683,-2578.781342,3399.241133,-2352.474101,2960.247537,3.066848949,-1.794353728,-7.212421908,2.975023224,-10.57385293,-10.57920122,-2.020494157,3.15067933,192.0126008,-695.3848617,-0.085404188,2.729133736,35.11588925,1805.527599,0.007160257,0.01064884,-0.085404188
92,1.2712,0.5261,0.2316,0.2721,0.1041,317.2811,317,107560,1,366.061868,-13326.25411,-55.68643292,164.039636,-707.0056712,-26.40136817,-3.347,0.0323,-0.00032721,-0.111102655,-0.005899349,0.001750205,0.129650183,1.26E-05,-5.74E-06,-0.00018969,1070.656683,-2578.781342,3399.241133,-2352.474101,2960.247537,3.066848949,-1.794353728,-7.212421908,2.975023224,-10.57385293,-10.57920122,-2.020494157,3.15067933,192.0126008,-695.3848617,-0.085404188,2.729133736,35.11588925,1805.527599,0.007160257,0.01064884,-0.085404188
93,2.0061,0.6171,0.2432,0.2745,0.0947,321.9942,317,107560,1,366.061868,-13326.25411,-55.68643292,164.039636,-707.0056712,-26.40136817,-1.6989,0.0304,-0.00032721,-0.111102655,-0.005899349,0.001750205,0.129650183,1.26E-05,-5.74E-06,-0.00018969,1070.656683,-2578.781342,3399.241133,-2352.474101,2960.247537,3.066848949,-1.794353728,-7.212421908,2.975023224,-10.57385293,-10.57920122,-2.020494157,3.15067933,192.0126008,-695.3848617,-0.085404188,2.729133736,35.11588925,1805.527599,0.007160257,0.01064884,-0.085404188
94,1.3966,0.6265,0.2451,0.3066,0.0977,317.3449,317,107560,1,366.061868,-13326.25411,-55.68643292,164.039636,-707.0056712,-26.40136817,-1.277,0.0505,-0.00032721,-0.111102655,-0.005899349,0.001750205,0.129650183,1.26E-05,-5.74E-06,-0.00018969,1070.656683,-2578.781342,3399.241133,-2352.474101,2960.247537,3.066848949,-1.794353728,-7.212421908,2.975023224,-10.57385293,-10.57920122,-2.020494157,3.15067933,192.0126008,-695.3848617,-0.085404188,2.729133736,35.11588925,1805.527599,0.007160257,0.01064884,-0.085404188
95,2.089,0.7707,0.1331,0.2825,0.1008,319.3435,317,107560,1,366.061868,-13326.25411,-55.68643292,164.039636,-707.0056712,-26.40136817,-2.5398,0.0528,-0.00032721,-0.111102655,-0.005899349,0.001750205,0.129650183,1.26E-05,-5.74E-06,-0.00018969,1070.656683,-2578.781342,3399.241133,-2352.474101,2960.247537,3.066848949,-1.794353728,-7.212421908,2.975023224,-10.57385293,-10.57920122,-2.020494157,3.15067933,192.0126008,-695.3848617,-0.085404188,2.729133736,35.11588925,1805.527599,0.007160257,0.01064884,-0.085404188
96,1.195,0.5662,0.2505,0.3167,0.1006,321.6756,317,107560,1,366.061868,-13326.25411,-55.68643292,164.039636,-707.0056712,-26.40136817,-0.7072,0.0351,-0.00032721,-0.111102655,-0.005899349,0.001750205,0.129650183,1.26E-05,-5.74E-06,-0.00018969,1070.656683,-2578.781342,3399.241133,-2352.474101,2960.247537,3.066848949,-1.794353728,-7.212421908,2.975023224,-10.57385293,-10.57920122,-2.020494157,3.15067933,192.0126008,-695.3848617,-0.085404188,2.729133736,35.11588925,1805.527599,0.007160257,0.01064884,-0.085404188
97,1.5255,0.7496,0.288,0.2981,0.1063,318.6923,317,107560,1,366.061868,-13326.25411,-55.68643292,164.039636,-707.0056712,-26.40136817,-1.4633,0.0233,-0.00032721,-0.111102655,-0.005899349,0.001750205,0.129650183,1.26E-05,-5.74E-06,-0.00018969,1070.656683,-2578.781342,3399.241133,-2352.474101,2960.247537,3.066848949,-1.794353728,-7.212421908,2.975023224,-10.57385293,-10.57920122,-2.020494157,3.15067933,192.0126008,-695.3848617,-0.085404188,2.729133736,35.11588925,1805.527599,0.007160257,0.01064884,-0.085404188
98,1.1689,0.6917,0.1135,0.2854,0.1063,319.3252,317,107560,1,366.061868,-13326.25411,-55.68643292,164.039636,-707.0056712,-26.40136817,-2.2992,0.0544,-0.00032721,-0.111102655,-0.005899349,0.001750205,0.129650183,1.26E-05,-5.74E-06,-0.00018969,1070.656683,-2578.781342,3399.241133,-2352.474101,2960.247537,3.066848949,-1.794353728,-7.212421908,2.975023224,-10.57385293,-10.57920122,-2.020494157,3.15067933,192.0126008,-695.3848617,-0.085404188,2.729133736,35.11588925,1805.527599,0.007160257,0.01064884,-0.085404188
99,1.1749,0.6726,0.2276,0.3021,0.106,316.7078,317,107560,1,366.061868,-13326.25411,-55.68643292,164.039636,-707.0056712,-26.40136817,-0.6409,0.0235,-0.00032721,-0.111102655,-0.005899349,0.001750205,0.129650183,1.26E-05,-5.74E-06,-0.00018969,1070.656683,-2578.781342,3399.241133,-2352.474101,2960.247537,3.066848949,-1.794353728,-7.212421908,2.975023224,-10.57385293,-10.57920122,-2.020494157,3.15067933,192.0126008,-695.3848617,-0.085404188,2.729133736,35.11588925,1805.527599,0.007160257,0.01064884,-0.085404188
100,1.2573,0.7191,0.2935,0.3026,0.1055,315.1731,317,107560,1,366.061868,-13326.25411,-55.68643292,164.039636,-707.0056712,-26.40136817,-3.2922,0.0482,-0.00032721,-0.111102655,-0.005899349,0.001750205,0.129650183,1.26E-05,-5.74E-06,-0.00018969,1070.656683,-2578.781342,3399.241133,-2352.474101,2960.247537,3.066848949,-1.794353728,-7.212421908,2.975023224,-10.57385293,-10.57920122,-2.020494157,3.15067933,192.0126008,-695.3848617,-0.085404188,2.729133736,35.11588925,1805.527599,0.007160257,0.01064884,-0.085404188
101,1.124,0.4331,0.1402,0.2884,0.1044,316.8349,317,107560,1,366.061868,-13326.25411,-55.68643292,164.039636,-707.0056712,-26.40136817,-1.3739,0.0418,-0.00032721,-0.111102655,-0.005899349,0.001750205,0.129650183,1.26E-05,-5.74E-06,-0.00018969,1070.656683,-2578.781342,3399.241133,-2352.474101,2960.247537,3.066848949,-1.794353728,-7.212421908,2.975023224,-10.57385293,-10.57920122,-2.020494157,3.15067933,192.0126008,-695.3848617,-0.085404188,2.729133736,35.11588925,1805.527599,0.007160257,0.01064884,-0.085404188
102,1.6665,0.7923,0.2851,0.2965,0.0948,318.6172,317,107560,1,366.061868,-13326.25411,-55.68643292,164.039636,-707.0056712,-26.40136817,-1.5858,0.0356,-0.00032721,-0.111102655,-0.005899349,0.001750205,0.129650183,1.26E-05,-5.74E-06,-0.00018969,1070.656683,-2578.781342,3399.241133,-2352.474101,2960.247537,3.066848949,-1.794353728,-7.212421908,2.975023224,-10.57385293,-10.57920122,-2.020494157,3.15067933,192.0126008,-695.3848617,-0.085404188,2.729133736,35.11588925,1805.527599,0.007160257,0.01064884,-0.085404188
103,1.5197,0.5486,0.1039,0.2818,0.0925,317.8715,317,107560,1,366.061868,-13326.25411,-55.68643292,164.039636,-707.0056712,-26.40136817,-2.156,0.0549,-0.00032721,-0.111102655,-0.005899349,0.001750205,0.129650183,1.26E-05,-5.74E-06,-0.00018969,1070.656683,-2578.781342,3399.241133,-2352.474101,2960.247537,3.066848949,-1.794353728,-7.212421908,2.975023224,-10.57385293,-10.57920122,-2.020494157,3.15067933,192.0126008,-695.3848617,-0.085404188,2.729133736,35.11588925,1805.527599,0.007160257,0.01064884,-0.085404188
104,1.0437,0.4033,0.2516,0.2821,0.1066,315.5838,317,107560,1,366.061868,-13326.25411,-55.68643292,164.039636,-707.0056712,-26.40136817,-1.9252,0.0337,-0.00032721,-0.111102655,-0.005899349,0.001750205,0.129650183,1.26E-05,-5.74E-06,-0.00018969,1070.656683,-2578.781342,3399.241133,-2352.474101,2960.247537,3.066848949,-1.794353728,-7.212421908,2.975023224,-10.57385293,-10.57920122,-2.020494157,3.15067933,192.0126008,-695.3848617,-0.085404188,2.729133736,35.11588925,1805.527599,0.007160257,0.01064884,-0.085404188
105,1.6812,0.7777,0.1558,0.285,0.0926,314.5537,317,107560,1,366.061868,-13326.25411,-55.68643292,164.039636,-707.0056712,-26.40136817,-2.3068,0.0473,-0.00032721,-0.111102655,-0.005899349,0.001750205,0.129650183,1.26E-05,-5.74E-06,-0.00018969,1070.656683,-2578.781342,3399.241133,-2352.474101,2960.247537,3.066848949,-1.794353728,-7.212421908,2.975023224,-10.57385293,-10.57920122,-2.020494157,3.15067933,192.0126008,-695.3848617,-0.085404188,2.729133736,35.11588925,1805.527599,0.007160257,0.01064884,-0.085404188
106,1.8646,0.7987,0.1698,0.3022,0.107,319.7869,317,107560,1,366.061868,-13326.25411,-55.68643292,164.039636,-707.0056712,-26.40136817,-1.082,0.0408,-0.00032721,-0.111102655,-0.005899349,0.001750205,0.129650183,1.26E-05,-5.74E-06,-0.00018969,1070.656683,-2578.781342,3399.241133,-2352.474101,2960.247537,3.066848949,-1.794353728,-7.212421908,2.975023224,-10.57385293,-10.57920122,-2.020494157,3.15067933,192.0126008,-695.3848617,-0.085404188,2.729133736,35.11588925,1805.527599,0.007160257,0.01064884,-0.085404188
107,2.2684,0.677,0.2836,0.3229,0.0934,321.7927,317,107560,1,366.061868,-13326.25411,-55.68643292,164.039636,-707.0056712,-26.40136817,-2.479,0.0296,-0.00032721,-0.111102655,-0.005899349,0.001750205,0.129650183,1.26E-05,-5.74E-06,-0.00018969,1070.656683,-2578.781342,3399.241133,-2352.474101,2960.247537,3.066848949,-1.794353728,-7.212421908,2.975023224,-10.57385293,-10.57920122,-2.020494157,3.15067933,192.0126008,-695.3848617,-0.085404188,2.729133736,35.11588925,1805.527599,0.007160257,0.01064884,-0.085404188
108,1.9108,0.7726,0.2392,0.3007,0.1086,318.4463,317,107560,1,366.061868,-13326.25411,-55.68643292,164.039636,-707.0056712,-26.40136817,-3.1351,0.0475,-0.00032721,-0.111102655,-0.005899349,0.001750205,0.129650183,1.26E-05,-5.74E-06,-0.00018969,1070.656683,-2578.781342,3399.241133,-2352.474101,2960.247537,3.066848949,-1.794353728,-7.212421908,2.975023224,-10.57385293,-10.57920122,-2.020494157,3.15067933,192.0126008,-695.3848617,-0.085404188,2.729133736,35.11588925,1805.527599,0.007160257,0.01064884,-0.085404188
109,1.5804,0.5352,0.1962,0.2724,0.0995,319.2425,317,107560,1,366.061868,-13326.25411,-55.68643292,164.039636,-707.0056712,-26.40136817,-2.0194,0.0374,-0.00032721,-0.111102655,-0.005899349,0.001750205,0.129650183,1.26E-05,-5.74E-06,-0.00018969,1070.656683,-2578.781342,3399.241133,-2352.474101,2960.247537,3.066848949,-1.794353728,-7.212421908,2.975023224,-10.57385293,-10.57920122,-2.020494157,3.15067933,192.0126008,-695.3848617,-0.085404188,2.729133736,35.11588925,1805.527599,0.007160257,0.01064884,-0.085404188
110,1.7502,0.5731,0.1997,0.2882,0.0962,319.0076,317,107560,1,366.061868,-13326.25411,-55.68643292,164.039636,-707.0056712,-26.40136817,-1.2062,0.0301,-0.00032721,-0.111102655,-0.005899349,0.001750205,0.129650183,1.26E-05,-5.74E-06,-0.00018969,1070.656683,-2578.781342,3399.241133,-2352.474101,2960.247537,3.066848949,-1.794353728,-7.212421908,2.975023224,-10.57385293,-10.57920122,-2.020494157,3.15067933,192.0126008,-695.3848617,-0.085404188,2.729133736,35.11588925,1805.527599,0.007160257,0.01064884,-0.085404188
111,1.8556,0.7576,0.2624,0.2913,0.096,319.6664,317,107560,1,366.061868,-13326.25411,-55.68643292,164.039636,-707.0056712,-26.40136817,-2.6119,0.0204,-0.00032721,-0.111102655,-0.005899349,0.001750205,0.129650183,1.26E-05,-5.74E-06,-0.00018969,1070.656683,-2578.781342,3399.241133,-2352.474101,2960.247537,3.066848949,-1.794353728,-7.212421908,2.975023224,-10.57385293,-10.57920122,-2.020494157,3.15067933,192.0126008,-695.3848617,-0.085404188,2.729133736,35.11588925,1805.527599,0.007160257,0.01064884,-0.085404188
112,2.2873,0.6909,0.1245,0.2888,0.1082,315.7431,317,107560,1,366.061868,-13326.25411,-55.68643292,164.039636,-707.0056712,-26.40136817,-1.9443,0.0441,-0.00032721,-0.111102655,-0.005899349,0.001750205,0.129650183,1.26E-05,-5.74E-06,-0.00018969,1070.656683,-2578.781342,3399.241133,-2352.474101,2960.247537,3.066848949,-1.794353728,-7.212421908,2.975023224,-10.57385293,-10.57920122,-2.020494157,3.15067933,192.0126008,-695.3848617,-0.085404188,2.729133736,35.11588925,1805.527599,0.007160257,0.01064884,-0.085404188
113,1.3228,0.7281,0.2784,0.323,0.1038,317.7301,317,107560,1,366.061868,-13326.25411,-55.68643292,164.039636,-707.0056712,-26.40136817,-1.5889,0.0427,-0.00032721,-0.111102655,-0.005899349,0.001750205,0.129650183,1.26E-05,-5.74E-06,-0.00018969,1070.656683,-2578.781342,3399.241133,-2352.474101,2960.247537,3.066848949,-1.794353728,-7.212421908,2.975023224,-10.57385293,-10.57920122,-2.020494157,3.15067933,192.0126008,-695.3848617,-0.085404188,2.729133736,35.11588925,1805.527599,0.007160257,0.01064884,-0.085404188
114,1.8477,0.752,0.1568,0.2826,0.1042,316.4096,317,107560,1,366.061868,-13326.25411,-55.68643292,164.039636,-707.0056712,-26.40136817,-3.143,0.0351,-0.00032721,-0.111102655,-0.005899349,0.001750205,0.129650183,1.26E-05,-5.74E-06,-0.00018969,1070.656683,-2578.781342,3399.241133,-2352.474101,2960.247537,3.066848949,-1.794353728,-7.212421908,2.975023224,-10.57385293,-10.57920122,-2.020494157,3.15067933,192.0126008,-695.3848617,-0.085404188,2.729133736,35.11588925,1805.527599,0.007160257,0.01064884,-0.085404188
115,2.6041,0.7866,0.1816,0.2918,0.0949,318.2851,317,107560,1,366.061868,-13326.25411,-55.68643292,164.039636,-707.0056712,-26.40136817,-2.9539,0.0467,-0.00032721,-0.111102655,-0.005899349,0.001750205,0.129650183,1.26E-05,-5.74E-06,-0.00018969,1070.656683,-2578.781342,3399.241133,-2352.474101,2960.247537,3.066848949,-1.794353728,-7.212421908,2.975023224,-10.57385293,-10.57920122,-2.020494157,3.15067933,192.0126008,-695.3848617,-0.085404188,2.729133736,35.11588925,1805.527599,0.007160257,0.01064884,-0.085404188
116,1.4568,0.7629,0.1508,0.3253,0.0939,319.1957,317,107560,1,366.061868,-13326.25411,-55.68643292,164.039636,-707.0056712,-26.40136817,-3.3137,0.0353,-0.00032721,-0.111102655,-0.005899349,0.001750205,0.129650183,1.26E-05,-5.74E-06,-0.00018969,1070.656683,-2578.781342,3399.241133,-2352.474101,2960.247537,3.066848949,-1.794353728,-7.212421908,2.975023224,-10.57385293,-10.57920122,-2.020494157,3.15067933,192.0126008,-695.3848617,-0.085404188,2.729133736,35.11588925,1805.527599,0.007160257,0.01064884,-0.085404188
117,1.7025,0.7847,0.1528,0.2855,0.0944,315.0414,317,107560,1,366.061868,-13326.25411,-55.68643292,164.039636,-707.0056712,-26.40136817,-0.5299,0.0246,-0.00032721,-0.111102655,-0.005899349,0.001750205,0.129650183,1.26E-05,-5.74E-06,-0.00018969,1070.656683,-2578.781342,3399.241133,-2352.474101,2960.247537,3.066848949,-1.794353728,-7.212421908,2.975023224,-10.57385293,-10.57920122,-2.020494157,3.15067933,192.0126008,-695.3848617,-0.085404188,2.729133736,35.11588925,1805.527599,0.007160257,0.01064884,-0.085404188
118,1.6237,0.6079,0.1969,0.2748,0.0945,317.8969,317,107560,1,366.061868,-13326.25411,-55.68643292,164.039636,-707.0056712,-26.40136817,-2.4606,0.0305,-0.00032721,-0.111102655,-0.005899349,0.001750205,0.129650183,1.26E-05,-5.74E-06,-0.00018969,1070.656683,-2578.781342,3399.241133,-2352.474101,2960.247537,3.066848949,-1.794353728,-7.212421908,2.975023224,-10.57385293,-10.57920122,-2.020494157,3.15067933,192.0126008,-695.3848617,-0.085404188,2.729133736,35.11588925,1805.527599,0.007160257,0.01064884,-0.085404188
119,1.4256,0.7414,0.1212,0.3223,0.1016,320.0229,317,107560,1,366.061868,-13326.25411,-55.68643292,164.039636,-707.0056712,-26.40136817,-1.8097,0.0449,-0.00032721,-0.111102655,-0.005899349,0.001750205,0.129650183,1.26E-05,-5.74E-06,-0.00018969,1070.656683,-2578.781342,3399.241133,-2352.474101,2960.247537,3.066848949,-1.794353728,-7.212421908,2.975023224,-10.57385293,-10.57920122,-2.020494157,3.15067933,192.0126008,-695.3848617,-0.085404188,2.729133736,35.11588925,1805.527599,0.007160257,0.01064884,-0.085404188
120,1.4845,0.502,0.2702,0.3156,0.0948,321.1292,317,107560,1,366.061868,-13326.25411,-55.68643292,164.039636,-707.0056712,-26.40136817,-1.9773,0.0472,-0.00032721,-0.111102655,-0.005899349,0.001750205,0.129650183,1.26E-05,-5.74E-06,-0.00018969,1070.656683,-2578.781342,3399.241133,-2352.474101,2960.247537,3.066848949,-1.794353728,-7.212421908,2.975023224,-10.57385293,-10.57920122,-2.020494157,3.15067933,192.0126008,-695.3848617,-0.085404188,2.729133736,35.11588925,1805.527599,0.007160257,0.01064884,-0.085404188
121,1.9454,0.7906,0.2499,0.3196,0.0953,317.6165,317,107560,1,366.061868,-13326.25411,-55.68643292,164.039636,-707.0056712,-26.40136817,-1.7343,0.0204,-0.00032721,-0.111102655,-0.005899349,0.001750205,0.129650183,1.26E-05,-5.74E-06,-0.00018969,1070.656683,-2578.781342,3399.241133,-2352.474101,2960.247537,3.066848949,-1.794353728,-7.212421908,2.975023224,-10.57385293,-10.57920122,-2.020494157,3.15067933,192.0126008,-695.3848617,-0.085404188,2.729133736,35.11588925,1805.527599,0.007160257,0.01064884,-0.085404188
122,1.3497,0.4183,0.2146,0.3159,0.1003,317.1535,317,107560,1,366.061868,-13326.25411,-55.68643292,164.039636,-707.0056712,-26.40136817,-2.8983,0.0301,-0.00032721,-0.111102655,-0.005899349,0.001750205,0.129650183,1.26E-05,-5.74E-06,-0.00018969,1070.656683,-2578.781342,3399.241133,-2352.474101,2960.247537,3.066848949,-1.794353728,-7.212421908,2.975023224,-10.57385293,-10.57920122,-2.020494157,3.15067933,192.0126008,-695.3848617,-0.085404188,2.729133736,35.11588925,1805.527599,0.007160257,0.01064884,-0.085404188
123,1.7685,0.5826,0.2252,0.2716,0.0941,316.0324,317,107560,1,366.061868,-13326.25411,-55.68643292,164.039636,-707.0056712,-26.40136817,-0.9308,0.0309,-0.00032721,-0.111102655,-0.005899349,0.001750205,0.129650183,1.26E-05,-5.74E-06,-0.00018969,1070.656683,-2578.781342,3399.241133,-2352.474101,2960.247537,3.066848949,-1.794353728,-7.212421908,2.975023224,-10.57385293,-10.57920122,-2.020494157,3.15067933,192.0126008,-695.3848617,-0.085404188,2.729133736,35.11588925,1805.527599,0.007160257,0.01064884,-0.085404188
124,2.3546,0.7996,0.271,0.281,0.1022,314.3539,317,107560,1,366.061868,-13326.25411,-55.68643292,164.039636,-707.0056712,-26.40136817,-1.5112,0.0352,-0.00032721,-0.111102655,-0.005899349,0.001750205,0.129650183,1.26E-05,-5.74E-06,-0.00018969,1070.656683,-2578.781342,3399.241133,-2352.474101,2960.247537,3.066848949,-1.794353728,-7.212421908,2.975023224,-10.57385293,-10.57920122,-2.020494157,3.15067933,192.0126008,-695.3848617,-0.085404188,2.729133736,35.11588925,1805.527599,0.007160257,0.01064884,-0.085404188
125,2.3999,0.7876,0.161,0.3029,0.0957,316.696,317,107560,1,366.061868,-13326.25411,-55.68643292,164.039636,-707.0056712,-26.40136817,-3.3088,0.0501,-0.00032721,-0.111102655,-0.005899349,0.001750205,0.129650183,1.26E-05,-5.74E-06,-0.00018969,1070.656683,-2578.781342,3399.241133,-2352.474101,2960.247537,3.066848949,-1.794353728,-7.212421908,2.975023224,-10.57385293,-10.57920122,-2.020494157,3.15067933,192.0126008,-695.3848617,-0.085404188,2.729133736,35.11588925,1805.527599,0.007160257,0.01064884,-0.085404188
126,1.2807,0.6426,0.2354,0.2959,0.0921,317.8299,317,107560,1,366.061868,-13326.25411,-55.68643292,164.039636,-707.0056712,-26.40136817,-2.1732,0.0511,-0.00032721,-0.111102655,-0.005899349,0.001750205,0.129650183,1.26E-05,-5.74E-06,-0.00018969,1070.656683,-2578.781342,3399.241133,-2352.474101,2960.247537,3.066848949,-1.794353728,-7.212421908,2.975023224,-10.57385293,-10.57920122,-2.020494157,3.15067933,192.0126008,-695.3848617,-0.085404188,2.729133736,35.11588925,1805.527599,0.007160257,0.01064884,-0.085404188
127,1.7407,0.531,0.1709,0.3248,0.0993,314.9408,317,107560,1,366.061868,-13326.25411,-55.68643292,164.039636,-707.0056712,-26.40136817,-3.2689,0.043,-0.00032721,-0.111102655,-0.005899349,0.001750205,0.129650183,1.26E-05,-5.74E-06,-0.00018969,1070.656683,-2578.781342,3399.241133,-2352.474101,2960.247537,3.066848949,-1.794353728,-7.212421908,2.975023224,-10.57385293,-10.57920122,-2.020494157,3.15067933,192.0126008,-695.3848617,-0.085404188,2.729133736,35.11588925,1805.527599,0.007160257,0.01064884,-0.085404188
128,1.3025,0.666,0.1207,0.309,0.1064,318.7437,317,107560,1,366.061868,-13326.25411,-55.68643292,164.039636,-707.0056712,-26.40136817,-0.9466,0.0228,-0.00032721,-0.111102655,-0.005899349,0.001750205,0.129650183,1.26E-05,-5.74E-06,-0.00018969,1070.656683,-2578.781342,3399.241133,-2352.474101,2960.247537,3.066848949,-1.794353728,-7.212421908,2.975023224,-10.57385293,-10.57920122,-2.020494157,3.15067933,192.0126008,-695.3848617,-0.085404188,2.729133736,35.11588925,1805.527599,0.007160257,0.01064884,-0.085404188
129,1.8995,0.7294,0.1147,0.3097,0.0922,318.529,317,107560,1,366.061868,-13326.25411,-55.68643292,164.039636,-707.0056712,-26.40136817,-2.9262,0.0494,-0.00032721,-0.111102655,-0.005899349,0.001750205,0.129650183,1.26E-05,-5.74E-06,-0.00018969,1070.656683,-2578.781342,3399.241133,-2352.474101,2960.247537,3.066848949,-1.794353728,-7.212421908,2.975023224,-10.57385293,-10.57920122,-2.020494157,3.15067933,192.0126008,-695.3848617,-0.085404188,2.729133736,35.11588925,1805.527599,0.007160257,0.01064884,-0.085404188
130,2.1218,0.7595,0.1171,0.286,0.0906,321.8026,317,107560,1,366.061868,-13326.25411,-55.68643292,164.039636,-707.0056712,-26.40136817,-1.5773,0.0406,-0.00032721,-0.111102655,-0.005899349,0.001750205,0.129650183,1.26E-05,-5.74E-06,-0.00018969,1070.656683,-2578.781342,3399.241133,-2352.474101,2960.247537,3.066848949,-1.794353728,-7.212421908,2.975023224,-10.57385293,-10.57920122,-2.020494157,3.15067933,192.0126008,-695.3848617,-0.085404188,2.729133736,35.11588925,1805.527599,0.007160257,0.01064884,-0.085404188
131,1.5218,0.4624,0.1771,0.3011,0.1084,320.7288,317,107560,1,366.061868,-13326.25411,-55.68643292,164.039636,-707.0056712,-26.40136817,-0.5503,0.04,-0.00032721,-0.111102655,-0.005899349,0.001750205,0.129650183,1.26E-05,-5.74E-06,-0.00018969,1070.656683,-2578.781342,3399.241133,-2352.474101,2960.247537,3.066848949,-1.794353728,-7.212421908,2.975023224,-10.57385293,-10.57920122,-2.020494157,3.15067933,192.0126008,-695.3848617,-0.085404188,2.729133736,35.11588925,1805.527599,0.007160257,0.01064884,-0.085404188
132,1.2181,0.6812,0.1077,0.2711,0.1099,316.2975,317,107560,1,366.061868,-13326.25411,-55.68643292,164.039636,-707.0056712,-26.40136817,-1.4553,0.0201,-0.00032721,-0.111102655,-0.005899349,0.001750205,0.129650183,1.26E-05,-5.74E-06,-0.00018969,1070.656683,-2578.781342,3399.241133,-2352.474101,2960.247537,3.066848949,-1.794353728,-7.212421908,2.975023224,-10.57385293,-10.57920122,-2.020494157,3.15067933,192.0126008,-695.3848617,-0.085404188,2.729133736,35.11588925,1805.527599,0.007160257,0.01064884,-0.085404188
133,1.826,0.582,0.2215,0.2925,0.0915,319.2629,317,107560,1,366.061868,-13326.25411,-55.68643292,164.039636,-707.0056712,-26.40136817,-0.5031,0.0267,-0.00032721,-0.111102655,-0.005899349,0.001750205,0.129650183,1.26E-05,-5.74E-06,-0.00018969,1070.656683,-2578.781342,3399.241133,-2352.474101,2960.247537,3.066848949,-1.794353728,-7.212421908,2.975023224,-10.57385293,-10.57920122,-2.020494157,3.15067933,192.0126008,-695.3848617,-0.085404188,2.729133736,35.11588925,1805.527599,0.007160257,0.01064884,-0.085404188
134,2.5749,0.7394,0.1302,0.3202,0.0909,319.9742,317,107560,1,366.061868,-13326.25411,-55.68643292,164.039636,-707.0056712,-26.40136817,-3.0844,0.0265,-0.00032721,-0.111102655,-0.005899349,0.001750205,0.129650183,1.26E-05,-5.74E-06,-0.00018969,1070.656683,-2578.781342,3399.241133,-2352.474101,2960.247537,3.066848949,-1.794353728,-7.212421908,2.975023224,-10.57385293,-10.57920122,-2.020494157,3.15067933,192.0126008,-695.3848617,-0.085404188,2.729133736,35.11588925,1805.527599,0.007160257,0.01064884,-0.085404188
135,1.254,0.7,0.1267,0.2952,0.097,318.7227,317,107560,1,366.061868,-13326.25411,-55.68643292,164.039636,-707.0056712,-26.40136817,-2.0094,0.0433,-0.00032721,-0.111102655,-0.005899349,0.001750205,0.129650183,1.26E-05,-5.74E-06,-0.00018969,1070.656683,-2578.781342,3399.241133,-2352.474101,2960.247537,3.066848949,-1.794353728,-7.212421908,2.975023224,-10.57385293,-10.57920122,-2.020494157,3.15067933,192.0126008,-695.3848617,-0.085404188,2.729133736,35.11588925,1805.527599,0.007160257,0.01064884,-0.085404188
136,2.1556,0.6688,0.2211,0.2961,0.1043,320.0401,317,107560,1,366.061868,-13326.25411,-55.68643292,164.039636,-707.0056712,-26.40136817,-1.5677,0.037,-0.00032721,-0.111102655,-0.005899349,0.001750205,0.129650183,1.26E-05,-5.74E-06,-0.00018969,1070.656683,-2578.781342,3399.241133,-2352.474101,2960.247537,3.066848949,-1.794353728,-7.212421908,2.975023224,-10.57385293,-10.57920122,-2.020494157,3.15067933,192.0126008,-695.3848617,-0.085404188,2.729133736,35.11588925,1805.527599,0.007160257,0.01064884,-0.085404188
137,1.5923,0.6256,0.1825,0.283,0.0986,320.4922,317,107560,1,366.061868,-13326.25411,-55.68643292,164.039636,-707.0056712,-26.40136817,-3.0489,0.0439,-0.00032721,-0.111102655,-0.005899349,0.001750205,0.129650183,1.26E-05,-5.74E-06,-0.00018969,1070.656683,-2578.781342,3399.241133,-2352.474101,2960.247537,3.066848949,-1.794353728,-7.212421908,2.975023224,-10.57385293,-10.57920122,-2.020494157,3.15067933,192.0126008,-695.3848617,-0.085404188,2.729133736,35.11588925,1805.527599,0.007160257,0.01064884,-0.085404188
138,1.2463,0.5028,0.1162,0.3228,0.0937,314.7631,317,107560,1,366.061868,-13326.25411,-55.68643292,164.039636,-707.0056712,-26.40136817,-1.4005,0.0326,-0.00032721,-0.111102655,-0.005899349,0.001750205,0.129650183,1.26E-05,-5.74E-06,-0.00018969,1070.656683,-2578.781342,3399.241133,-2352.474101,2960.247537,3.066848949,-1.794353728,-7.212421908,2.975023224,-10.57385293,-10.57920122,-2.020494157,3.15067933,192.0126008,-695.3848617,-0.085404188,2.729133736,35.11588925,1805.527599,0.007160257,0.01064884,-0.085404188
139,2.303,0.708,0.1007,0.2727,0.1077,316.0601,317,107560,1,366.061868,-13326.25411,-55.68643292,164.039636,-707.0056712,-26.40136817,-3.011,0.0566,-0.00032721,-0.111102655,-0.005899349,0.001750205,0.129650183,1.26E-05,-5.74E-06,-0.00018969,1070.656683,-2578.781342,3399.241133,-2352.474101,2960.247537,3.066848949,-1.794353728,-7.212421908,2.975023224,-10.57385293,-10.57920122,-2.020494157,3.15067933,192.0126008,-695.3848617,-0.085404188,2.729133736,35.11588925,1805.527599,0.007160257,0.01064884,-0.085404188
140,2.0049,0.7765,0.2286,0.2752,0.1069,321.8809,317,107560,1,366.061868,-13326.25411,-55.68643292,164.039636,-707.0056712,-26.40136817,-3.1039,0.0315,-0.00032721,-0.111102655,-0.005899349,0.001750205,0.129650183,1.26E-05,-5.74E-06,-0.00018969,1070.656683,-2578.781342,3399.241133,-2352.474101,2960.247537,3.066848949,-1.794353728,-7.212421908,2.975023224,-10.57385293,-10.57920122,-2.020494157,3.15067933,192.0126008,-695.3848617,-0.085404188,2.729133736,35.11588925,1805.527599,0.007160257,0.01064884,-0.085404188
141,2.4206,0.7713,0.2672,0.2994,0.1025,317.9454,317,107560,1,366.061868,-13326.25411,-55.68643292,164.039636,-707.0056712,-26.40136817,-1.9191,0.0495,-0.00032721,-0.111102655,-0.005899349,0.001750205,0.129650183,1.26E-05,-5.74E-06,-0.00018969,1070.656683,-2578.781342,3399.241133,-2352.474101,2960.247537,3.066848949,-1.794353728,-7.212421908,2.975023224,-10.57385293,-10.57920122,-2.020494157,3.15067933,192.0126008,-695.3848617,-0.085404188,2.729133736,35.11588925,1805.527599,0.007160257,0.01064884,-0.085404188
142,1.436,0.5315,0.1198,0.3,0.0957,318.0981,317,107560,1,366.061868,-13326.25411,-55.68643292,164.039636,-707.0056712,-26.40136817,-3.4284,0.0314,-0.00032721,-0.111102655,-0.005899349,0.001750205,0.129650183,1.26E-05,-5.74E-06,-0.00018969,1070.656683,-2578.781342,3399.241133,-2352.474101,2960.247537,3.066848949,-1.794353728,-7.212421908,2.975023224,-10.57385293,-10.57920122,-2.020494157,3.15067933,192.0126008,-695.3848617,-0.085404188,2.729133736,35.11588925,1805.527599,0.007160257,0.01064884,-0.085404188
143,1.7996,0.6941,0.291,0.2984,0.0961,316.9622,317,107560,1,366.061868,-13326.25411,-55.68643292,164.039636,-707.0056712,-26.40136817,-3.417,0.0368,-0.00032721,-0.111102655,-0.005899349,0.001750205,0.129650183,1.26E-05,-5.74E-06,-0.00018969,1070.656683,-2578.781342,3399.241133,-2352.474101,2960.247537,3.066848949,-1.794353728,-7.212421908,2.975023224,-10.57385293,-10.57920122,-2.020494157,3.15067933,192.0126008,-695.3848617,-0.085404188,2.729133736,35.11588925,1805.527599,0.007160257,0.01064884,-0.085404188
144,1.7088,0.6181,0.2809,0.2794,0.0978,316.5649,317,107560,1,366.061868,-13326.25411,-55.68643292,164.039636,-707.0056712,-26.40136817,-3.4441,0.0513,-0.00032721,-0.111102655,-0.005899349,0.001750205,0.129650183,1.26E-05,-5.74E-06,-0.00018969,1070.656683,-2578.781342,3399.241133,-2352.474101,2960.247537,3.066848949,-1.794353728,-7.212421908,2.975023224,-10.57385293,-10.57920122,-2.020494157,3.15067933,192.0126008,-695.3848617,-0.085404188,2.729133736,35.11588925,1805.527599,0.007160257,0.01064884,-0.085404188
145,1.0839,0.6325,0.1406,0.2906,0.0952,316.7394,317,107560,1,366.061868,-13326.25411,-55.68643292,164.039636,-707.0056712,-26.40136817,-2.6413,0.042,-0.00032721,-0.111102655,-0.005899349,0.001750205,0.129650183,1.26E-05,-5.74E-06,-0.00018969,1070.656683,-2578.781342,3399.241133,-2352.474101,2960.247537,3.066848949,-1.794353728,-7.212421908,2.975023224,-10.57385293,-10.57920122,-2.020494157,3.15067933,192.0126008,-695.3848617,-0.085404188,2.729133736,35.11588925,1805.527599,0.007160257,0.01064884,-0.085404188
146,1.4344,0.7381,0.1855,0.33,0.104,315.858,317,107560,1,366.061868,-13326.25411,-55.68643292,164.039636,-707.0056712,-26.40136817,-3.395,0.0396,-0.00032721,-0.111102655,-0.005899349,0.001750205,0.129650183,1.26E-05,-5.74E-06,-0.00018969,1070.656683,-2578.781342,3399.241133,-2352.474101,2960.247537,3.066848949,-1.794353728,-7.212421908,2.975023224,-10.57385293,-10.57920122,-2.020494157,3.15067933,192.0126008,-695.3848617,-0.085404188,2.729133736,35.11588925,1805.527599,0.007160257,0.01064884,-0.085404188
147,1.1469,0.6089,0.241,0.3103,0.0929,316.2297,317,107560,1,366.061868,-13326.25411,-55.68643292,164.039636,-707.0056712,-26.40136817,-2.4299,0.0346,-0.00032721,-0.111102655,-0.005899349,0.001750205,0.129650183,1.26E-05,-5.74E-06,-0.00018969,1070.656683,-2578.781342,3399.241133,-2352.474101,2960.247537,3.066848949,-1.794353728,-7.212421908,2.975023224,-10.57385293,-10.57920122,-2.020494157,3.15067933,192.0126008,-695.3848617,-0.085404188,2.729133736,35.11588925,1805.527599,0.007160257,0.01064884,-0.085404188
148,1.0399,0.5942,0.1865,0.3279,0.1076,316.6244,317,107560,1,366.061868,-13326.25411,-55.68643292,164.039636,-707.0056712,-26.40136817,-2.0231,0.0334,-0.00032721,-0.111102655,-0.005899349,0.001750205,0.129650183,1.26E-05,-5.74E-06,-0.00018969,1070.656683,-2578.781342,3399.241133,-2352.474101,2960.247537,3.066848949,-1.794353728,-7.212421908,2.975023224,-10.57385293,-10.57920122,-2.020494157,3.15067933,192.0126008,-695.3848617,-0.085404188,2.729133736,35.11588925,1805.527599,0.007160257,0.01064884,-0.085404188
149,1.8352,0.6582,0.1467,0.3267,0.1069,320.683,317,107560,1,366.061868,-13326.25411,-55.68643292,164.039636,-707.0056712,-26.40136817,-3.2249,0.0581,-0.00032721,-0.111102655,-0.005899349,0.001750205,0.129650183,1.26E-05,-5.74E-06,-0.00018969,1070.656683,-2578.781342,3399.241133,-2352.474101,2960.247537,3.066848949,-1.794353728,-7.212421908,2.975023224,-10.57385293,-10.57920122,-2.020494157,3.15067933,192.0126008,-695.3848617,-0.085404188,2.729133736,35.11588925,1805.527599,0.007160257,0.01064884,-0.085404188
150,2.4995,0.7248,0.1313,0.2719,0.1091,319.1757,317,107560,1,366.061868,-13326.25411,-55.68643292,164.039636,-707.0056712,-26.40136817,-2.4677,0.046,-0.00032721,-0.111102655,-0.005899349,0.001750205,0.129650183,1.26E-05,-5.74E-06,-0.00018969,1070.656683,-2578.781342,3399.241133,-2352.474101,2960.247537,3.066848949,-1.794353728,-7.212421908,2.975023224,-10.57385293,-10.57920122,-2.020494157,3.15067933,192.0126008,-695.3848617,-0.085404188,2.729133736,35.11588925,1805.527599,0.007160257,0.01064884,-0.085404188
151,1.3287,0.5913,0.1925,0.3233,0.0994,316.9846,317,107560,1,366.061868,-13326.25411,-55.68643292,164.039636,-707.0056712,-26.40136817,-1.7381,0.0566,-0.00032721,-0.111102655,-0.005899349,0.001750205,0.129650183,1.26E-05,-5.74E-06,-0.00018969,1070.656683,-2578.781342,3399.241133,-2352.474101,2960.247537,3.066848949,-1.794353728,-7.212421908,2.975023224,-10.57385293,-10.57920122,-2.020494157,3.15067933,192.0126008,-695.3848617,-0.085404188,2.729133736,35.11588925,1805.527599,0.007160257,0.01064884,-0.085404188
152,2.0546,0.6441,0.2067,0.3216,0.1027,319.5046,317,107560,1,366.061868,-13326.25411,-55.68643292,164.039636,-707.0056712,-26.40136817,-1.3085,0.0401,-0.00032721,-0.111102655,-0.005899349,0.001750205,0.129650183,1.26E-05,-5.74E-06,-0.00018969,1070.656683,-2578.781342,3399.241133,-2352.474101,2960.247537,3.066848949,-1.794353728,-7.212421908,2.975023224,-10.57385293,-10.57920122,-2.020494157,3.15067933,192.0126008,-695.3848617,-0.085404188,2.729133736,35.11588925,1805.527599,0.007160257,0.01064884,-0.085404188
153,1.5138,0.7117,0.1595,0.2971,0.1087,320.324,317,107560,1,366.061868,-13326.25411,-55.68643292,164.039636,-707.0056712,-26.40136817,-1.8179,0.0255,-0.00032721,-0.111102655,-0.005899349,0.001750205,0.129650183,1.26E-05,-5.74E-06,-0.00018969,1070.656683,-2578.781342,3399.241133,-2352.474101,2960.247537,3.066848949,-1.794353728,-7.212421908,2.975023224,-10.57385293,-10.57920122,-2.020494157,3.15067933,192.0126008,-695.3848617,-0.085404188,2.729133736,35.11588925,1805.527599,0.007160257,0.01064884,-0.085404188
154,2.0259,0.5908,0.2898,0.2703,0.0971,314.9966,317,107560,1,366.061868,-13326.25411,-55.68643292,164.039636,-707.0056712,-26.40136817,-2.2713,0.0335,-0.00032721,-0.111102655,-0.005899349,0.001750205,0.129650183,1.26E-05,-5.74E-06,-0.00018969,1070.656683,-2578.781342,3399.241133,-2352.474101,2960.247537,3.066848949,-1.794353728,-7.212421908,2.975023224,-10.57385293,-10.57920122,-2.020494157,3.15067933,192.0126008,-695.3848617,-0.085404188,2.729133736,35.11588925,1805.527599,0.007160257,0.01064884,-0.085404188
155,1.559,0.5655,0.2724,0.3272,0.1007,321.0788,317,107560,1,366.061868,-13326.25411,-55.68643292,164.039636,-707.0056712,-26.40136817,-1.9155,0.0585,-0.00032721,-0.111102655,-0.005899349,0.001750205,0.129650183,1.26E-05,-5.74E-06,-0.00018969,1070.656683,-2578.781342,3399.241133,-2352.474101,2960.247537,3.066848949,-1.794353728,-7.212421908,2.975023224,-10.57385293,-10.57920122,-2.020494157,3.15067933,192.0126008,-695.3848617,-0.085404188,2.729133736,35.11588925,1805.527599,0.007160257,0.01064884,-0.085404188
156,1.3553,0.7026,0.2444,0.3175,0.1006,317.051,317,107560,1,366.061868,-13326.25411,-55.68643292,164.039636,-707.0056712,-26.40136817,-2.9208,0.0341,-0.00032721,-0.111102655,-0.005899349,0.001750205,0.129650183,1.26E-05,-5.74E-06,-0.00018969,1070.656683,-2578.781342,3399.241133,-2352.474101,2960.247537,3.066848949,-1.794353728,-7.212421908,2.975023224,-10.57385293,-10.57920122,-2.020494157,3.15067933,192.0126008,-695.3848617,-0.085404188,2.729133736,35.11588925,1805.527599,0.007160257,0.01064884,-0.085404188
157,1.8861,0.613,0.2438,0.3294,0.1056,314.6107,317,107560,1,366.061868,-13326.25411,-55.68643292,164.039636,-707.0056712,-26.40136817,-3.3272,0.0569,-0.00032721,-0.111102655,-0.005899349,0.001750205,0.129650183,1.26E-05,-5.74E-06,-0.00018969,1070.656683,-2578.781342,3399.241133,-2352.474101,2960.247537,3.066848949,-1.794353728,-7.212421908,2.975023224,-10.57385293,-10.57920122,-2.020494157,3.15067933,192.0126008,-695.3848617,-0.085404188,2.729133736,35.11588925,1805.527599,0.007160257,0.01064884,-0.085404188
158,1.0766,0.6999,0.236,0.3164,0.0976,320.5422,317,107560,1,366.061868,-13326.25411,-55.68643292,164.039636,-707.0056712,-26.40136817,-2.2036,0.0595,-0.00032721,-0.111102655,-0.005899349,0.001750205,0.129650183,1.26E-05,-5.74E-06,-0.00018969,1070.656683,-2578.781342,3399.241133,-2352.474101,2960.247537,3.066848949,-1.794353728,-7.212421908,2.975023224,-10.57385293,-10.57920122,-2.020494157,3.15067933,192.0126008,-695.3848617,-0.085404188,2.729133736,35.11588925,1805.527599,0.007160257,0.01064884,-0.085404188
159,1.5,0.7664,0.2493,0.2849,0.1019,314.1278,317,107560,1,366.061868,-13326.25411,-55.68643292,164.039636,-707.0056712,-26.40136817,-1.4822,0.0469,-0.00032721,-0.111102655,-0.005899349,0.001750205,0.129650183,1.26E-05,-5.74E-06,-0.00018969,1070.656683,-2578.781342,3399.241133,-2352.474101,2960.247537,3.066848949,-1.794353728,-7.212421908,2.975023224,-10.57385293,-10.57920122,-2.020494157,3.15067933,192.0126008,-695.3848617,-0.085404188,2.729133736,35.11588925,1805.527599,0.007160257,0.01064884,-0.085404188
160,2.5543,0.7326,0.2295,0.3193,0.101,314.0881,317,107560,1,366.061868,-13326.25411,-55.68643292,164.039636,-707.0056712,-26.40136817,-3.0046,0.0552,-0.00032721,-0.111102655,-0.005899349,0.001750205,0.129650183,1.26E-05,-5.74E-06,-0.00018969,1070.656683,-2578.781342,3399.241133,-2352.474101,2960.247537,3.066848949,-1.794353728,-7.212421908,2.975023224,-10.57385293,-10.57920122,-2.020494157,3.15067933,192.0126008,-695.3848617,-0.085404188,2.729133736,35.11588925,1805.527599,0.007160257,0.01064884,-0.085404188
161,2.0434,0.6367,0.2158,0.3104,0.1061,318.5408,317,107560,1,366.061868,-13326.25411,-55.68643292,164.039636,-707.0056712,-26.40136817,-3.3523,0.0492,-0.00032721,-0.111102655,-0.005899349,0.001750205,0.129650183,1.26E-05,-5.74E-06,-0.00018969,1070.656683,-2578.781342,3399.241133,-2352.474101,2960.247537,3.066848949,-1.794353728,-7.212421908,2.975023224,-10.57385293,-10.57920122,-2.020494157,3.15067933,192.0126008,-695.3848617,-0.085404188,2.729133736,35.11588925,1805.527599,0.007160257,0.01064884,-0.085404188
162,1.2927,0.5039,0.1257,0.3292,0.1026,317.5968,317,107560,1,366.061868,-13326.25411,-55.68643292,164.039636,-707.0056712,-26.40136817,-2.8408,0.0539,-0.00032721,-0.111102655,-0.005899349,0.001750205,0.129650183,1.26E-05,-5.74E-06,-0.00018969,1070.656683,-2578.781342,3399.241133,-2352.474101,2960.247537,3.066848949,-1.794353728,-7.212421908,2.975023224,-10.57385293,-10.57920122,-2.020494157,3.15067933,192.0126008,-695.3848617,-0.085404188,2.729133736,35.11588925,1805.527599,0.007160257,0.01064884,-0.085404188
163,1.7563,0.6522,0.1724,0.2887,0.0955,320.9937,317,107560,1,366.061868,-13326.25411,-55.68643292,164.039636,-707.0056712,-26.40136817,-2.7419,0.0499,-0.00032721,-0.111102655,-0.005899349,0.001750205,0.129650183,1.26E-05,-5.74E-06,-0.00018969,1070.656683,-2578.781342,3399.241133,-2352.474101,2960.247537,3.066848949,-1.794353728,-7.212421908,2.975023224,-10.57385293,-10.57920122,-2.020494157,3.15067933,192.0126008,-695.3848617,-0.085404188,2.729133736,35.11588925,1805.527599,0.007160257,0.01064884,-0.085404188
164,1.6491,0.6571,0.1551,0.282,0.0969,319.7788,317,107560,1,366.061868,-13326.25411,-55.68643292,164.039636,-707.0056712,-26.40136817,-3.0215,0.0429,-0.00032721,-0.111102655,-0.005899349,0.001750205,0.129650183,1.26E-05,-5.74E-06,-0.00018969,1070.656683,-2578.781342,3399.241133,-2352.474101,2960.247537,3.066848949,-1.794353728,-7.212421908,2.975023224,-10.57385293,-10.57920122,-2.020494157,3.15067933,192.0126008,-695.3848617,-0.085404188,2.729133736,35.11588925,1805.527599,0.007160257,0.01064884,-0.085404188
165,1.0007,0.7807,0.2956,0.307,0.1046,316.8975,317,107560,1,366.061868,-13326.25411,-55.68643292,164.039636,-707.0056712,-26.40136817,-2.988,0.0466,-0.00032721,-0.111102655,-0.005899349,0.001750205,0.129650183,1.26E-05,-5.74E-06,-0.00018969,1070.656683,-2578.781342,3399.241133,-2352.474101,2960.247537,3.066848949,-1.794353728,-7.212421908,2.975023224,-10.57385293,-10.57920122,-2.020494157,3.15067933,192.0126008,-695.3848617,-0.085404188,2.729133736,35.11588925,1805.527599,0.007160257,0.01064884,-0.085404188
166,1.4037,0.5834,0.1029,0.3247,0.092,316.9297,317,107560,1,366.061868,-13326.25411,-55.68643292,164.039636,-707.0056712,-26.40136817,-3.0345,0.0389,-0.00032721,-0.111102655,-0.005899349,0.001750205,0.129650183,1.26E-05,-5.74E-06,-0.00018969,1070.656683,-2578.781342,3399.241133,-2352.474101,2960.247537,3.066848949,-1.794353728,-7.212421908,2.975023224,-10.57385293,-10.57920122,-2.020494157,3.15067933,192.0126008,-695.3848617,-0.085404188,2.729133736,35.11588925,1805.527599,0.007160257,0.01064884,-0.085404188
167,2.3196,0.7313,0.1767,0.2978,0.1023,316.4201,317,107560,1,366.061868,-13326.25411,-55.68643292,164.039636,-707.0056712,-26.40136817,-3.4099,0.0502,-0.00032721,-0.111102655,-0.005899349,0.001750205,0.129650183,1.26E-05,-5.74E-06,-0.00018969,1070.656683,-2578.781342,3399.241133,-2352.474101,2960.247537,3.066848949,-1.794353728,-7.212421908,2.975023224,-10.57385293,-10.57920122,-2.020494157,3.15067933,192.0126008,-695.3848617,-0.085404188,2.729133736,35.11588925,1805.527599,0.007160257,0.01064884,-0.085404188
168,1.6794,0.6028,0.2081,0.2789,0.0944,319.5767,317,107560,1,366.061868,-13326.25411,-55.68643292,164.039636,-707.0056712,-26.40136817,-3.0671,0.0556,-0.00032721,-0.111102655,-0.005899349,0.001750205,0.129650183,1.26E-05,-5.74E-06,-0.00018969,1070.656683,-2578.781342,3399.241133,-2352.474101,2960.247537,3.066848949,-1.794353728,-7.212421908,2.975023224,-10.57385293,-10.57920122,-2.020494157,3.15067933,192.0126008,-695.3848617,-0.085404188,2.729133736,35.11588925,1805.527599,0.007160257,0.01064884,-0.085404188
169,1.5049,0.5695,0.1231,0.2869,0.0954,316.3664,317,107560,1,366.061868,-13326.25411,-55.68643292,164.039636,-707.0056712,-26.40136817,-3.3912,0.0496,-0.00032721,-0.111102655,-0.005899349,0.001750205,0.129650183,1.26E-05,-5.74E-06,-0.00018969,1070.656683,-2578.781342,3399.241133,-2352.474101,2960.247537,3.066848949,-1.794353728,-7.212421908,2.975023224,-10.57385293,-10.57920122,-2.020494157,3.15067933,192.0126008,-695.3848617,-0.085404188,2.729133736,35.11588925,1805.527599,0.007160257,0.01064884,-0.085404188
170,1.3901,0.6147,0.1578,0.3256,0.0921,321.9695,317,107560,1,366.061868,-13326.25411,-55.68643292,164.039636,-707.0056712,-26.40136817,-1.9028,0.0541,-0.00032721,-0.111102655,-0.005899349,0.001750205,0.129650183,1.26E-05,-5.74E-06,-0.00018969,1070.656683,-2578.781342,3399.241133,-2352.474101,2960.247537,3.066848949,-1.794353728,-7.212421908,2.975023224,-10.57385293,-10.57920122,-2.020494157,3.15067933,192.0126008,-695.3848617,-0.085404188,2.729133736,35.11588925,1805.527599,0.007160257,0.01064884,-0.085404188
171,1.983,0.7309,0.1895,0.2914,0.0931,314.7593,317,107560,1,366.061868,-13326.25411,-55.68643292,164.039636,-707.0056712,-26.40136817,-1.6017,0.0266,-0.00032721,-0.111102655,-0.005899349,0.001750205,0.129650183,1.26E-05,-5.74E-06,-0.00018969,1070.656683,-2578.781342,3399.241133,-2352.474101,2960.247537,3.066848949,-1.794353728,-7.212421908,2.975023224,-10.57385293,-10.57920122,-2.020494157,3.15067933,192.0126008,-695.3848617,-0.085404188,2.729133736,35.11588925,1805.527599,0.007160257,0.01064884,-0.085404188
172,1.3096,0.6339,0.2888,0.3085,0.0968,315.5071,317,107560,1,366.061868,-13326.25411,-55.68643292,164.039636,-707.0056712,-26.40136817,-1.8702,0.0261,-0.00032721,-0.111102655,-0.005899349,0.001750205,0.129650183,1.26E-05,-5.74E-06,-0.00018969,1070.656683,-2578.781342,3399.241133,-2352.474101,2960.247537,3.066848949,-1.794353728,-7.212421908,2.975023224,-10.57385293,-10.57920122,-2.020494157,3.15067933,192.0126008,-695.3848617,-0.085404188,2.729133736,35.11588925,1805.527599,0.007160257,0.01064884,-0.085404188
173,1.9072,0.6245,0.2196,0.3195,0.097,320.4006,317,107560,1,366.061868,-13326.25411,-55.68643292,164.039636,-707.0056712,-26.40136817,-2.4826,0.0217,-0.00032721,-0.111102655,-0.005899349,0.001750205,0.129650183,1.26E-05,-5.74E-06,-0.00018969,1070.656683,-2578.781342,3399.241133,-2352.474101,2960.247537,3.066848949,-1.794353728,-7.212421908,2.975023224,-10.57385293,-10.57920122,-2.020494157,3.15067933,192.0126008,-695.3848617,-0.085404188,2.729133736,35.11588925,1805.527599,0.007160257,0.01064884,-0.085404188
174,1.102,0.7487,0.1387,0.2999,0.0984,321.0919,317,107560,1,366.061868,-13326.25411,-55.68643292,164.039636,-707.0056712,-26.40136817,-3.169,0.0337,-0.00032721,-0.111102655,-0.005899349,0.001750205,0.129650183,1.26E-05,-5.74E-06,-0.00018969,1070.656683,-2578.781342,3399.241133,-2352.474101,2960.247537,3.066848949,-1.794353728,-7.212421908,2.975023224,-10.57385293,-10.57920122,-2.020494157,3.15067933,192.0126008,-695.3848617,-0.085404188,2.729133736,35.11588925,1805.527599,0.007160257,0.01064884,-0.085404188
175,1.2036,0.7559,0.1317,0.2901,0.0952,315.8801,317,107560,1,366.061868,-13326.25411,-55.68643292,164.039636,-707.0056712,-26.40136817,-1.6837,0.0326,-0.00032721,-0.111102655,-0.005899349,0.001750205,0.129650183,1.26E-05,-5.74E-06,-0.00018969,1070.656683,-2578.781342,3399.241133,-2352.474101,2960.247537,3.066848949,-1.794353728,-7.212421908,2.975023224,-10.57385293,-10.57920122,-2.020494157,3.15067933,192.0126008,-695.3848617,-0.085404188,2.729133736,35.11588925,1805.527599,0.007160257,0.01064884,-0.085404188
176,1.3635,0.5924,0.2666,0.3084,0.0971,315.9625,317,107560,1,366.061868,-13326.25411,-55.68643292,164.039636,-707.0056712,-26.40136817,-0.7589,0.0369,-0.00032721,-0.111102655,-0.005899349,0.001750205,0.129650183,1.26E-05,-5.74E-06,-0.00018969,1070.656683,-2578.781342,3399.241133,-2352.474101,2960.247537,3.066848949,-1.794353728,-7.212421908,2.975023224,-10.57385293,-10.57920122,-2.020494157,3.15067933,192.0126008,-695.3848617,-0.085404188,2.729133736,35.11588925,1805.527599,0.007160257,0.01064884,-0.085404188
177,1.0057,0.7692,0.2263,0.2989,0.0997,317.9005,317,107560,1,366.061868,-13326.25411,-55.68643292,164.039636,-707.0056712,-26.40136817,-2.0963,0.0498,-0.00032721,-0.111102655,-0.005899349,0.001750205,0.129650183,1.26E-05,-5.74E-06,-0.00018969,1070.656683,-2578.781342,3399.241133,-2352.474101,2960.247537,3.066848949,-1.794353728,-7.212421908,2.975023224,-10.57385293,-10.57920122,-2.020494157,3.15067933,192.0126008,-695.3848617,-0.085404188,2.729133736,35.11588925,1805.527599,0.007160257,0.01064884,-0.085404188
178,1.8655,0.7142,0.2541,0.2948,0.0901,317.1208,317,107560,1,366.061868,-13326.25411,-55.68643292,164.039636,-707.0056712,-26.40136817,-0.8985,0.0284,-0.00032721,-0.111102655,-0.005899349,0.001750205,0.129650183,1.26E-05,-5.74E-06,-0.00018969,1070.656683,-2578.781342,3399.241133,-2352.474101,2960.247537,3.066848949,-1.794353728,-7.212421908,2.975023224,-10.57385293,-10.57920122,-2.020494157,3.15067933,192.0126008,-695.3848617,-0.085404188,2.729133736,35.11588925,1805.527599,0.007160257,0.01064884,-0.085404188
179,1.6396,0.5275,0.1219,0.2739,0.1065,321.1406,317,107560,1,366.061868,-13326.25411,-55.68643292,164.039636,-707.0056712,-26.40136817,-1.5291,0.0535,-0.00032721,-0.111102655,-0.005899349,0.001750205,0.129650183,1.26E-05,-5.74E-06,-0.00018969,1070.656683,-2578.781342,3399.241133,-2352.474101,2960.247537,3.066848949,-1.794353728,-7.212421908,2.975023224,-10.57385293,-10.57920122,-2.020494157,3.15067933,192.0126008,-695.3848617,-0.085404188,2.729133736,35.11588925,1805.527599,0.007160257,0.01064884,-0.085404188
180,1.9703,0.631,0.2074,0.319,0.1058,316.7465,317,107560,1,366.061868,-13326.25411,-55.68643292,164.039636,-707.0056712,-26.40136817,-1.0583,0.0446,-0.00032721,-0.111102655,-0.005899349,0.001750205,0.129650183,1.26E-05,-5.74E-06,-0.00018969,1070.656683,-2578.781342,3399.241133,-2352.474101,2960.247537,3.066848949,-1.794353728,-7.212421908,2.975023224,-10.57385293,-10.57920122,-2.020494157,3.15067933,192.0126008,-695.3848617,-0.085404188,2.729133736,35.11588925,1805.527599,0.007160257,0.01064884,-0.085404188
181,1.1191,0.6954,0.2041,0.2857,0.1074,320.2324,317,107560,1,366.061868,-13326.25411,-55.68643292,164.039636,-707.0056712,-26.40136817,-1.4326,0.0318,-0.00032721,-0.111102655,-0.005899349,0.001750205,0.129650183,1.26E-05,-5.74E-06,-0.00018969,1070.656683,-2578.781342,3399.241133,-2352.474101,2960.247537,3.066848949,-1.794353728,-7.212421908,2.975023224,-10.57385293,-10.57920122,-2.020494157,3.15067933,192.0126008,-695.3848617,-0.085404188,2.729133736,35.11588925,1805.527599,0.007160257,0.01064884,-0.085404188
182,1.114,0.7964,0.2524,0.3121,0.1082,316.7783,317,107560,1,366.061868,-13326.25411,-55.68643292,164.039636,-707.0056712,-26.40136817,-0.8875,0.0423,-0.00032721,-0.111102655,-0.005899349,0.001750205,0.129650183,1.26E-05,-5.74E-06,-0.00018969,1070.656683,-2578.781342,3399.241133,-2352.474101,2960.247537,3.066848949,-1.794353728,-7.212421908,2.975023224,-10.57385293,-10.57920122,-2.020494157,3.15067933,192.0126008,-695.3848617,-0.085404188,2.729133736,35.11588925,1805.527599,0.007160257,0.01064884,-0.085404188
183,1.5517,0.4642,0.1612,0.2947,0.1025,320.1518,317,107560,1,366.061868,-13326.25411,-55.68643292,164.039636,-707.0056712,-26.40136817,-0.5303,0.0324,-0.00032721,-0.111102655,-0.005899349,0.001750205,0.129650183,1.26E-05,-5.74E-06,-0.00018969,1070.656683,-2578.781342,3399.241133,-2352.474101,2960.247537,3.066848949,-1.794353728,-7.212421908,2.975023224,-10.57385293,-10.57920122,-2.020494157,3.15067933,192.0126008,-695.3848617,-0.085404188,2.729133736,35.11588925,1805.527599,0.007160257,0.01064884,-0.085404188
184,1.0236,0.7176,0.178,0.3024,0.0919,319.7161,317,107560,1,366.061868,-13326.25411,-55.68643292,164.039636,-707.0056712,-26.40136817,-2.7734,0.0554,-0.00032721,-0.111102655,-0.005899349,0.001750205,0.129650183,1.26E-05,-5.74E-06,-0.00018969,1070.656683,-2578.781342,3399.241133,-2352.474101,2960.247537,3.066848949,-1.794353728,-7.212421908,2.975023224,-10.57385293,-10.57920122,-2.020494157,3.15067933,192.0126008,-695.3848617,-0.085404188,2.729133736,35.11588925,1805.527599,0.007160257,0.01064884,-0.085404188
185,1.288,0.6616,0.2694,0.2958,0.0929,317.2615,317,107560,1,366.061868,-13326.25411,-55.68643292,164.039636,-707.0056712,-26.40136817,-3.2536,0.0597,-0.00032721,-0.111102655,-0.005899349,0.001750205,0.129650183,1.26E-05,-5.74E-06,-0.00018969,1070.656683,-2578.781342,3399.241133,-2352.474101,2960.247537,3.066848949,-1.794353728,-7.212421908,2.975023224,-10.57385293,-10.57920122,-2.020494157,3.15067933,192.0126008,-695.3848617,-0.085404188,2.729133736,35.11588925,1805.527599,0.007160257,0.01064884,-0.085404188
186,1.4936,0.6844,0.1168,0.3216,0.095,319.9157,317,107560,1,366.061868,-13326.25411,-55.68643292,164.039636,-707.0056712,-26.40136817,-1.8034,0.051,-0.00032721,-0.111102655,-0.005899349,0.001750205,0.129650183,1.26E-05,-5.74E-06,-0.00018969,1070.656683,-2578.781342,3399.241133,-2352.474101,2960.247537,3.066848949,-1.794353728,-7.212421908,2.975023224,-10.57385293,-10.57920122,-2.020494157,3.15067933,192.0126008,-695.3848617,-0.085404188,2.729133736,35.11588925,1805.527599,0.007160257,0.01064884,-0.085404188
