Position,x_CO2,x_MEA,x_H2O,x_CO2_true,x_MEA_true,x_H2O_true,x_MEAH_true,x_MEACOO_true,x_HCO3_true,x_CO3_true,x_H3O_true,x_OH_true
0.0,0.045151574246140656,0.10934528667227664,0.8455031390815827,1.0733868930809911e-05,0.025622110138778405,0.8765471460365445,0.05054374935264938,0.03834876924451342,0.005659140464604485,0.0032674893591381825,3.0479291438422385e-10,8.612300480178607e-07
0.01,0.04459988428468824,0.10901007528870266,0.8463900404266091,1.1627242037985094e-05,0.02629475832041573,0.8774255732995037,0.049597439360605095,0.03820534743028287,0.0055375355435799125,0.0029268382342688636,3.2555068321446864e-10,8.802437552681887e-07
0.02,0.0441032962983967,0.10873063332043804,0.8471660703811653,1.2286479306521556e-05,0.026909148838282403,0.8781537225992018,0.04879865594228399,0.038038060209572386,0.0054147563251918,0.002672470484589121,3.416152418444956e-10,8.987799568053283e-07
0.03,0.043646654482607176,0.10849082858971344,0.8478625169276794,1.277055437626536e-05,0.02748293873958387,0.8787792059209465,0.048098892948706166,0.03785892073883088,0.005293651961299388,0.0024727018207893114,3.5423521121431005e-10,9.169612324796022e-07
0.04,0.04322053067325675,0.10828064609434236,0.8484988232324009,1.3119310634459879e-05,0.028026587234798984,0.8793298723059146,0.047470269240905215,0.037673658776993704,0.005175439833388388,0.002310118061591421,3.6421646703330774e-10,9.348715567442672e-07
0.05,0.04281884851929206,0.10809399163420502,0.849087159846503,1.3357817742914188e-05,0.02854681448760811,0.8798226210798642,0.04689588840893989,0.037485291524388606,0.005060502775195028,0.002174570947194751,3.7204987071749343e-10,9.525870166161186e-07
0.06,0.042436350767812034,0.10792554133239006,0.849638107899798,1.3511948724800726e-05,0.029049220950597313,0.8802708877223303,0.04636251695722007,0.037295217013102455,0.00494901957322633,0.0020586552925593725,3.7823340012305733e-10,9.70164005945446e-07
0.07,0.04206981571263243,0.10777208035205996,0.8501581039353076,1.3596334042094588e-05,0.029537131835184208,0.8806828759756555,0.04586218808309074,0.03710430175957082,0.004840936905630945,0.0019579810771400883,3.8303842722090216e-10,9.876466472339477e-07
0.08,0.041716406485365544,0.10763084343910354,0.850652750075531,1.3624876730884523e-05,0.030013473184343917,0.8810653121110553,0.04538837964095736,0.03691289169347312,0.004736142805553769,0.0018691702274926047,3.867238478100391e-10,1.005073669116811e-06
0.09,0.04137401216915816,0.10749975336083843,0.8511262344700035,1.3608052830192546e-05,0.030480350469196314,0.8814231362392374,0.04493637553350368,0.03672115870222055,0.004634501531974609,0.0017898466072346366,3.89481700084562e-10,1.0224743209483287e-06
0.1,0.041041052530591156,0.10737730578427652,0.8515816416851324,1.3553502293707477e-05,0.030939339034668382,0.8817599653238453,0.04450272815726622,0.036529201994286914,0.004535856763903444,0.0017183149582390047,3.914495804406402e-10,1.0398740474375835e-06
0.11,0.04071611198110588,0.10726214457424216,0.852021743444652,1.3468353606403971e-05,0.03139182949934505,0.88207891839739,0.044084488115464386,0.03633698527634323,0.004440059404011042,0.0016531932667858983,3.9275780242421483e-10,1.0572942961212922e-06
0.12,0.04039819335831514,0.10715332542669012,0.8524484812149947,1.3357569051256592e-05,0.03183878145703302,0.8823822239268261,0.04367956840785376,0.03614452256481409,0.004346970373493569,0.0015935005556067686,3.934945014906549e-10,1.0747518270525081e-06
0.13,0.04008639622570593,0.10705000600396938,0.8528635977703247,1.3225659205126562e-05,0.032281062561111795,0.8826718206881803,0.04328615539535741,0.03595176643522062,0.004256456118600927,0.0015384204866944683,3.937411872718024e-10,1.0922618881264884e-06
0.14,0.03978000612584791,0.10695150916825784,0.8532684847058942,1.3076295798511905e-05,0.03271934102810986,0.8829492610429465,0.04290281669817867,0.03575868345656845,0.004168398698208759,0.0014873125503399893,3.935638866592478e-10,1.1098362853817384e-06
0.15,0.03947845808218155,0.10685730622533247,0.853664235692486,1.2912392443922753e-05,0.03315413818481675,0.8832157780862776,0.04252842182023863,0.035565258787354594,0.004082689760881905,0.0014396730900445417,3.9301454154433517e-10,1.1274849275954634e-06
0.16,0.039181238229314734,0.1067669098282562,0.854051851942429,1.2736638631407173e-05,0.03358591978471599,0.8834724759796939,0.04216196766618861,0.03537145599278261,0.0039992298099008955,0.0013950685197029664,3.921421957084453e-10,1.145216241375386e-06
0.17,0.03888796937055595,0.10667995416884933,0.8544320764605947,1.2551118021416344e-05,0.0340150080312987,0.8837202069479858,0.04180269711885721,0.03517727963421088,0.003917932605519946,0.001353161116988693,3.909841895112331e-10,1.1630361331822343e-06
0.18,0.03859830922605076,0.10659610596874648,0.8548055848052027,1.2357721888374699e-05,0.03444169100850094,0.8839597349587521,0.04144993652680113,0.03498272363995091,0.003838717282905867,0.001313657521894103,3.895751938011613e-10,1.180949731342325e-06
0.19,0.03831198506263418,0.10651508619179878,0.855172928745567,1.2158065716526252e-05,0.034866179002142644,0.8841916999920783,0.0411031378150657,0.03478779933647622,0.0037615129743530182,0.0012763134659587972,3.879449753303351e-10,1.1989602638340151e-06
0.2,0.03802878386055618,0.10643666771270903,0.8555345484267347,1.195349999417092e-05,0.03528861966162955,0.8844166324554835,0.04076185978516067,0.034592535267379765,0.003686255914939498,0.001240925959665574,3.861184839819981e-10,1.2170696287387376e-06
0.21,0.03774851414420682,0.10636063842418758,0.8558908474316057,1.1745270582334157e-05,0.03570913588026918,0.8846350169818313,0.040425707874828694,0.03439695666611186,0.0036128870128311354,0.0012073146505790476,3.841194083424064e-10,1.2352788470045855e-06
0.22,0.0374710451006956,0.10628683241416066,0.8562421224851438,1.1534405895999513e-05,0.03612778163743114,0.8848472428286844,0.04009438577314691,0.034201114837038755,0.0035413553664659586,0.0011753311822400336,3.819672790888886e-10,1.2535871294167103e-06
0.23,0.0371962622370793,0.10621509688180547,0.8565886408811153,1.1321840990136933e-05,0.0365445933828308,0.8850536647137021,0.039767631239777904,0.034005060370296596,0.003471612903219164,0.0011448431764395956,3.796803976437056e-10,1.2719930633487215e-06
0.24,0.03692408482666005,0.10614530120803466,0.8569306139653053,1.110839742465843e-05,0.036959566549536055,0.8852545867014912,0.03944523695448149,0.033808857154707994,0.0034036170592764998,0.0011157363119651317,3.772751457540317e-10,1.2904938418690365e-06
0.25,0.03665446232751271,0.10607733699532464,0.8572682006771627,1.0894783354735651e-05,0.037372661668947246,0.8854502661839277,0.03912704439033905,0.03361258195933347,0.0033373293873678557,0.0010879121664396955,3.747659151771731e-10,1.3090855242541477e-06
0.26,0.0363873553126671,0.10601110242059067,0.8576015422667421,1.0681649699019905e-05,0.037783825285425836,0.8856409410575949,0.03881291635595277,0.03341631249558279,0.003272713571163447,0.0010612814489582214,3.721664451701622e-10,1.3277634565350068e-06
0.27,0.036122756948501145,0.10594651652652151,0.8579307265249774,1.0469553156525848e-05,0.03819296352399861,0.8858268059588894,0.03850276411009402,0.033220143995397015,0.003209737972263987,0.0010357679952100105,3.6948872828144326e-10,1.3465215017195101e-06
0.28,0.03586066923385062,0.10588350448811513,0.8582558262780343,1.0258997819591063e-05,0.038599971960294924,0.8860080399923781,0.038196515423187895,0.03302417323134177,0.0031483721449549248,0.0010113025303566245,3.667440940646387e-10,1.365352922040768e-06
0.29,0.03560111291130343,0.10582200193357923,0.8585768851551174,1.0050431296339883e-05,0.03900472158790012,0.8861847985088686,0.03789412620208881,0.03282850651697077,0.003088588478964752,0.000987823660128573,3.639429784731813e-10,1.3842498391172828e-06
0.3,0.03534412559064731,0.10576195523963894,0.8588939191697137,9.844243525944101e-06,0.03940706228183077,0.886357214537263,0.03759557766493851,0.03263325913244005,0.0030303614608319434,0.0009652771146864696,3.61094854272223e-10,1.4032033884445671e-06
0.31,0.03508975099886574,0.10570331397852228,0.8592069350226119,9.64078877687584e-06,0.03980683564260251,0.8865254120261523,0.03730086184871104,0.032438547897132526,0.0029736663629868023,0.0009436128713713774,3.5820879151957807e-10,1.4222040577351506e-06
0.32,0.03483805090914581,0.10564603801901157,0.8595159110718426,9.440372523783311e-06,0.04020385962555837,0.8866894937858836,0.037009996247303695,0.03224450060355157,0.0029184807795601493,0.0009227869891591169,3.552929969864188e-10,1.4412411667330656e-06
0.33,0.03458909180316815,0.10559009030804002,0.8598208178887917,9.243267186802464e-06,0.04059794627740073,0.886849555215911,0.03672300670550317,0.032051246371917363,0.002864782630045046,0.00090275887621547,3.523552594612324e-10,1.4603034650844394e-06
0.34,0.03434294995300969,0.10553543894113059,0.8601216111058598,9.049711893885873e-06,0.04098889441564597,0.8870056802993953,0.03643993330461798,0.031858919799083556,0.0028125510061550976,0.0008834917349768642,3.494028615889317e-10,1.4793788284492267e-06
0.35000000000000003,0.03409971002057856,0.10548205738893983,0.8604182325904816,8.859911509662243e-06,0.04137649231336385,0.8871579422769069,0.03616082852736562,0.031667660171508134,0.002761765749118439,0.0008649522493967364,3.4644252518806367e-10,1.498454388098763e-06
0.36,0.0338594594842133,0.10542992066398611,0.8607106198518005,8.674047271361159e-06,0.04176052450659099,0.887306410123024,0.03588574996236318,0.03147760734563962,0.002712406866338473,0.0008471092885741327,3.434806850915648e-10,1.5175167175128116e-06
0.37,0.03362229336232341,0.10537900873749198,0.8609986979001846,8.492270031713343e-06,0.042140766211229405,0.8874511432343746,0.03561476614289295,0.031288905557361184,0.002664455009441809,0.0008299346824680202,3.405232413570578e-10,1.5365516771549278e-06
0.38,0.03338830837402466,0.10532930309158378,0.8612823885343917,8.314709053516177e-06,0.042516990967383386,0.887592197490834,0.035347949104697934,0.03110169898428735,0.00261789080969052,0.0008134020518183487,3.375757948044507e-10,1.5555446591462676e-06
0.39,0.033157603975609004,0.10528078746442704,0.861561608559964,8.14147130373755e-06,0.04288896944367478,0.887729624118082,0.03508537560800625,0.030916132607162725,0.0025726950182065654,0.0007974869183601254,3.3464358554356193e-10,1.5744805603033002e-06
0.4,0.0329302811595748,0.10523344803540322,0.8618362708050219,7.972640808483473e-06,0.04325647181372487,0.8878634700104984,0.03482712572203392,0.030732351300616228,0.0025288482641068555,0.0007821665725624034,3.3173144893206345e-10,1.593343917480262e-06
0.41000000000000003,0.03270644107662969,0.1051872715747387,0.8621062873486316,7.808286324441479e-06,0.0436192687633294,0.8879937802083535,0.03457328081007332,0.030550498771813914,0.002486331176543915,0.000767419535842078,3.2884399881145055e-10,1.6121188753375172e-06
0.42,0.032486183527456254,0.10514224671055823,0.8623715697619855,7.648454604651492e-06,0.04397713530615565,0.8881205971016277,0.034323922113337194,0.030370716300692373,0.0024451238670849212,0.0007532257410332323,3.2598542175756586e-10,1.6307894788568512e-06
0.43,0.03226960756211401,0.10509836269360007,0.862632029744286,7.493178929793044e-06,0.04432984878215226,0.8882439614904808,0.03407913104135929,0.03019314324095419,0.0024052064228675114,0.0007395661806007596,3.2315967453275173e-10,1.6493394957472565e-06
0.44,0.03205680900487425,0.10505560926737531,0.8628875817277504,7.342476743475586e-06,0.0446771932536027,0.88836391356087,0.03383898643201469,0.030017914955827684,0.0023665584518993243,0.0007264227959864188,3.2037040635007994e-10,1.6677526852605945e-06
0.45,0.03184787952142658,0.10501397689127359,0.8631381435872998,7.196349237695691e-06,0.045018961471080865,0.8884804929161745,0.03360356353339331,0.02984516199714204,0.0023291589638911206,0.000713778438521485,3.176209213933852e-10,1.686012938101171e-06
0.46,0.03164290880625376,0.10497345603427842,0.8633836351594678,7.054788925795763e-06,0.04535495040805551,0.8885937384889052,0.033372936207951655,0.02967501188427396,0.0022929870713626808,0.0007016167316185115,3.1491435184579056e-10,1.7041039923309944e-06
0.47000000000000003,0.031441978068765225,0.1049340371616613,0.8636239847695735,6.9177712341172816e-06,0.045684973076898935,0.8887036907378411,0.03314716984976931,0.02950758363175511,0.002258020700062568,0.0006899219100195233,3.122534322855144e-10,1.7220101660104918e-06
0.48,0.03124516593249046,0.10489571086047231,0.8638591232070372,6.785264409181012e-06,0.04600884806785588,0.8888103893984535,0.03292632778408894,0.02934299260365511,0.002224237937963744,0.000678678918177863,3.096407199540805e-10,1.7397157550788775e-06
0.49,0.031052543344489772,0.1048584671637138,0.8640889894917964,6.65722564488809e-06,0.04632640823035419,0.8889138758578429,0.03271046561985523,0.02918134621630653,0.002191616169652837,0.0006678731677094811,3.070784925439872e-10,1.75720555539749e-06
0.5,0.030864173063026645,0.10482229586225782,0.8643135310747154,6.53360079235032e-06,0.046637501955662096,0.8890141928995207,0.0324996307447002,0.0290227434302302,0.002160132045023967,0.0006574905545129594,3.045687164989285e-10,1.7744649888277566e-06
0.51,0.03068011447194231,0.10478718643555204,0.8645326990925056,6.414332232101702e-06,0.04694198442849868,0.8891113831031302,0.03229386752749798,0.028867278765024047,0.002129762538827239,0.0006475175230833997,3.021132318149665e-10,1.7914795931288086e-06
0.52,0.030500413964255832,0.10475312738302316,0.864746458652721,6.2993492770630115e-06,0.04723973457237506,0.8892054926466859,0.03209320678799903,0.028715034126449077,0.002100483237664119,0.0006379407437631482,2.997135025348237e-10,1.8082360730409553e-06
0.53,0.03032511432762629,0.10472010708952152,0.8649547785828522,6.18857883381412e-06,0.04753063878897637,0.889296567243064,0.03189767611020852,0.028566086696841513,0.002072270137301664,0.0006287474260330334,2.973708627924508e-10,1.8247213701435038e-06
0.54,0.030154248329708033,0.10468811290281438,0.8651576387674776,6.0819407818862605e-06,0.047814601855565735,0.8893846551467846,0.031707292746119844,0.028420503471013908,0.002045098595769498,0.0006199250255446837,2.9508640045270023e-10,1.8409233334698912e-06
0.55,0.02998783870144404,0.10465713153497781,0.8653550297635781,5.979347729549762e-06,0.048091547358238305,0.8894698066630229,0.03152206366895921,0.02827834118656863,0.002018943359180087,0.0006114612926310425,2.928609315670544e-10,1.8568308093369326e-06
0.56,0.029825904279425077,0.10462714927352237,0.8655469464470525,5.880712574046258e-06,0.048361406680544616,0.8895520719339916,0.03134199225256613,0.02813965155941012,0.001993779723594047,0.0006033444136329014,2.9069518897096764e-10,1.8724329913368838e-06
0.5700000000000001,0.029668449553503035,0.10459815113688628,0.8657333993096107,5.7859390068973156e-06,0.04862413737610095,0.8896315050914351,0.031167066837461593,0.028004472316004225,0.0019695817721696804,0.0005955626586451843,2.8858957256967507e-10,1.8877205868941746e-06
0.58,0.029515475269269315,0.10457012197820148,0.8659144027525292,5.6949315781976664e-06,0.04887970477595333,0.8897081597329112,0.030997272365908816,0.027872836269665913,0.0019463242073529687,0.0005881047453491324,2.8654439626260664e-10,1.9026847360676867e-06
0.59,0.029366972064116675,0.10454304557294877,0.8660899823629346,5.6075911963024595e-06,0.049128092820513516,0.8897820918576647,0.030832583361890077,0.027744765863601573,0.0019239813406035252,0.000580959562274169,2.845597748200145e-10,1.917317696408958e-06
0.6,0.02922292087876113,0.10451690506904279,0.866260174052196,5.523814883266522e-06,0.04936930371838221,0.8898533592426636,0.030672964443857923,0.027620273511711046,0.0019025271440667893,0.0005741162289160729,2.826356043637429e-10,1.931612883541562e-06
0.61,0.0290832990661135,0.10449168322982495,0.8664250177040616,5.4435022627121535e-06,0.049603346948452635,0.8899220193214947,0.03051837695074932,0.02749936689942675,0.0018819362973901542,0.0005675642352521785,2.807717361334528e-10,1.9455641997962668e-06
0.62,0.02894807111488404,0.10446736174079271,0.8665845671443233,5.366547376419165e-06,0.049830255652517565,0.8899881327449704,0.030368768821988166,0.027382040970353686,0.0018621826699459117,0.0005612931467761269,2.789677554411774e-10,1.9591671040770397e-06
0.63,0.028817198350985385,0.10444392218479231,0.8667388794642223,5.292846993063408e-06,0.05005006968347512,0.8900517594308701,0.030224085199318525,0.027268286356645285,0.0018432408734736117,0.0005552929144217024,2.7722319957912093e-10,1.9724175794174817e-06
0.64,0.028690633702350286,0.10442134531755681,0.866888020980093,5.222296882315559e-06,0.050262844547724186,0.8901129609308097,0.030084262665177282,0.02715808487261561,0.0018250854416957518,0.0005495536568456668,2.7553746326777377e-10,1.9853127120564397e-06
0.65,0.02856832236258843,0.1043996115095154,0.8670320661278962,5.154791550708186e-06,0.05046865056566813,0.8901717997913129,0.029949230010602925,0.02705141011557198,0.0018076908831399319,0.0005440657175571192,2.73909784178167e-10,1.997850686556453e-06
0.66,0.0284502068087669,0.10437870087467628,0.8671710923165569,5.090229182186281e-06,0.0506675637250346,0.890228337968375,0.02981891364687557,0.02694823188814497,0.0017910324788238806,0.0005388197610216168,2.7233938559679175e-10,2.0100302028740998e-06
0.67,0.028336219972640648,0.1043585928947805,0.8673051871325789,5.028505459204847e-06,0.050859677884790996,0.8902826392803578,0.029693230182483443,0.026848510275280204,0.0017750851722808866,0.0005338065772254588,2.7082530403498484e-10,2.0218512967383764e-06
0.68,0.02822629261245837,0.10433926705955665,0.867434440327985,4.969519553038625e-06,0.05104509174671685,0.8903347666144455,0.029572094433919695,0.026752202135113357,0.0017598246790838847,0.0005290172872878787,2.6936655777774563e-10,2.0333145132499477e-06
0.6900000000000001,0.02812034976906808,0.10432070241210552,0.8675589478188264,4.913171477516033e-06,0.05122391493792096,0.8903847834935613,0.02945541553141556,0.026659258050155607,0.0017452269244832407,0.000524443201715021,2.679620789931708e-10,2.044421308746879e-06
0.7000000000000001,0.028018311481976026,0.10430287793430254,0.8676788105837214,4.859361809797726e-06,0.05139626700931768,0.8904327535152068,0.029343097723672808,0.026569622998979966,0.001731268083484141,0.0005200758669012235,2.666107031330469e-10,2.055174016953396e-06
0.71,0.027920096169629836,0.10428577250663512,0.867794131323735,4.80799499577461e-06,0.051562271127185665,0.890478739473103,0.029235043989269953,0.026483239383476274,0.0017179250867869107,0.0005159071044469183,2.653112725994995e-10,2.06557542420416e-06
0.72,0.02782561665430951,0.1042693648792539,0.8679050184664366,4.7589753041467585e-06,0.05172206134636586,0.8905228045914844,0.029131151739711918,0.026400043582839233,0.001705174950251983,0.0005119289207032798,2.640625195599007e-10,2.075629276666121e-06
0.73,0.027734784656684157,0.10425363392029185,0.8680115814230239,4.712210514307599e-06,0.05187577450542753,0.8905650110343712,0.02903131766240248,0.026319969965015295,0.0016929954188222998,0.0005081336008444025,2.628631786531123e-10,2.085339739255534e-06
0.74,0.027647509001237473,0.10423855843083991,0.8681139325679227,4.667610353464859e-06,0.05202355333436832,0.8906054206733207,0.028935435749145946,0.02624294936043015,0.0016813646593061321,0.0005045136397582431,2.6171194673910495e-10,2.0947116051214888e-06
0.75,0.027563696234000328,0.10422411744790554,0.8682121863180942,4.6250862160215985e-06,0.05216554555536841,0.8906440946559968,0.028843397978060185,0.026168909657309482,0.0016702612812740179,0.0005010617749165953,2.6060747482902426e-10,2.1037502509720637e-06
0.76,0.027483252313053846,0.1042102900453515,0.8683064576415948,4.584553040272294e-06,0.05230190054408985,0.8906810931943898,0.028755096082085936,0.02609777735134614,0.0016596645793183857,0.000497770974788701,2.595484336843247e-10,2.1124613924421968e-06
0.77,0.027406081217475772,0.104197055594199,0.8683968631883253,4.54592711645693e-06,0.052432772101376736,0.8907164757473204,0.02867042007164613,0.026029476363924088,0.0016495542426171073,0.0004946344361726962,2.5853344706814755e-10,2.1208512929875915e-06
0.78,0.027332086746957668,0.10418439366571865,0.8684835195873236,4.509127869718435e-06,0.052558315008835454,0.8907503006730753,0.02858926012989169,0.025963929687752955,0.0016399106038166187,0.0004916455846861439,2.575611536939955e-10,2.1289265109843873e-06
0.79,0.027261172193965528,0.10417228406634738,0.8685665437396871,4.474077189873038e-06,0.05267868563235613,0.8907826253424136,0.02851150624929241,0.025901059144551267,0.0016307145398199547,0.0004887980638048003,2.566301903676197e-10,2.136693941775313e-06
0.8,0.02719324079067266,0.10416070706183182,0.8686460521474955,4.440699146022207e-06,0.0527940412697888,0.8908135058376336,0.028437048718928073,0.025840785827737755,0.0016219474743447038,0.0004860857559029493,2.5573918493157596e-10,2.144160778905311e-06
0.81,0.027128195983256435,0.1041496430410055,0.8687221609757381,4.4089208320601195e-06,0.05290453931060601,0.8908429972783147,0.028365778355810587,0.02578303039390213,0.0016135914200723922,0.00048350273114759887,2.5488679209755064e-10,2.151334427652626e-06
0.8200000000000001,0.027065942017001136,0.10413907306807262,0.8687949849149262,4.378671368758369e-06,0.05301033662348606,0.8908711531388203,0.028297587188078274,0.025727713622267542,0.0016056289614433913,0.000481043317974956,2.5407165871753156e-10,2.1582224890852527e-06
0.8300000000000001,0.02700638361848451,0.10412897843574231,0.8688646379457732,4.349882524376774e-06,0.05311158971688007,0.8908980258498659,0.02823236803514606,0.025674756177633856,0.001598043225774443,0.00047870202614735973,2.5329245417691914e-10,2.164832735496033e-06
0.84,0.026949426748161268,0.1041193410504132,0.8689312322014255,4.322488283525946e-06,0.053208453668016235,0.8909236662391131,0.028170015349382575,0.02562407931657566,0.001590817913756921,0.00047647359927380174,2.5254785538332406e-10,2.1711730502507767e-06
0.85,0.026894979081648465,0.10411014464698055,0.868994876271371,4.296422524808726e-06,0.053301082318849315,0.8909481221901405,0.0281104258590656,0.02557560534818554,0.0015839372045789513,0.00047435315331876687,2.518364609314965e-10,2.1772515000386308e-06
0.86,0.026842948631148368,0.10410137115890428,0.8690556802099474,4.2716254611295484e-06,0.053389627495167624,0.8909714428158902,0.028053496638181158,0.025529256460726298,0.0015773859221516094,0.0004723357151954163,2.5115704723703946e-10,2.1830760694600806e-06
0.87,0.02679324838540625,0.10409301514941104,0.8691137364651828,4.248016940708649e-06,0.053474243579430196,0.8909936623187684,0.027999131777858916,0.025484958817669143,0.0015711486111728075,0.00047041797187214336,2.505075304386952e-10,2.1886557802082363e-06
0.88,0.026745791630132153,0.10408506870358991,0.869169139666278,4.225524560098889e-06,0.05355508236373777,0.8910148169256795,0.027947235547979867,0.025442638497882846,0.001565210481082119,0.00046859640970927356,2.498860609526658e-10,2.1939994824041416e-06
0.89,0.026700499047663702,0.10407754980920327,0.8692219511431329,4.204030379958134e-06,0.05363230584910112,0.8910349136720995,0.02789772331988501,0.025402227718217176,0.0015595553527598934,0.0004668706899284586,2.4928894606889243e-10,2.199118339960019e-06
0.9,0.0266573296614764,0.10407065457174182,0.8692720157667818,4.183083589006066e-06,0.053706168331292804,0.8910537648385793,0.02785057236686816,0.025363691752724498,0.0015541538534405894,0.0004652614845962571,2.486993957915665e-10,2.2040402099617246e-06
0.91,0.026616184995332855,0.10406429317696406,0.8693195218277031,4.162781943843944e-06,0.053776769115017276,0.891071493343372,0.02780566499926926,0.025326945696497,0.0015489993145535353,0.0004637557351154744,2.481219244323466e-10,2.2087661096992965e-06
0.92,0.026577312481820974,0.1040600562767042,0.8693626312414747,4.140073918774613e-06,0.05384510660144926,0.8910863925226542,0.027763448651960378,0.02529220511995679,0.0015439563300973854,0.0004625369968175419,2.474372866697062e-10,2.2134557084040024e-06
0.93,0.026540892835842184,0.1040592131270097,0.8693998940371481,4.112580766801058e-06,0.053912010315465574,0.891097105738251,0.02772426011576109,0.02525962731041667,0.0015389160944733271,0.00046174935910833623,2.465514448524538e-10,2.218239205859224e-06
0.9400000000000001,0.02650785284899752,0.10406667991582275,0.8694254672351798,4.071266569977813e-06,0.05398027237544017,0.8910983055745746,0.02768965660062032,0.02523001524761446,0.0015334921884016838,0.00046196290803627107,2.45105449642837e-10,2.2235936370756683e-06
0.9500000000000001,0.026484076922405776,0.10411181055658074,0.8694041125210135,3.963380436815593e-06,0.05406591772266383,0.8910580391384033,0.027669353690068822,0.025208431770609472,0.0015254336300384622,0.000466628103615349,2.409868827501989e-10,2.2323231770691318e-06
0.96,0.026480349797626992,0.10424848433503751,0.8692711658673355,3.702275825439912e-06,0.054198436393948814,0.8909172992275546,0.02768148324412682,0.025203792905755713,0.001510631316457687,0.00048240484671979895,2.305687033315562e-10,2.2495590425143856e-06
0.97,0.026528617222873425,0.10463810617679628,0.8688332766003303,3.0809652718876843e-06,0.05446692229636793,0.8904968797142155,0.027782427691708928,0.025239977013928404,0.0014766828119274756,0.0005317387679777442,2.043522526780375e-10,2.290534249811852e-06
0.98,0.02668748042616212,0.1055957753886927,0.8677167441851451,1.9618664258170652e-06,0.05505236327542682,0.8894285289219038,0.02809754654047305,0.02534100764411666,0.001398259855327397,0.0006779474475294532,1.5141343060758913e-10,2.3842973835235012e-06
0.99,0.026978077101327217,0.10727890601640606,0.8657430168822667,8.690047013928127e-07,0.056060596374951095,0.8874397773770465,0.028771037475198248,0.02542159916123411,0.0012602631009055914,0.001043317882064684,8.748463593226897e-11,2.539536413815256e-06
1.0,0.02729558605228877,0.10918234420915508,0.8635220697385562,3.3196580500981537e-07,0.05722039002757696,0.8849482462083403,0.02976712994584426,0.02525861194370965,0.0010993608855743018,0.0017032281841937455,4.539144954662532e-11,2.7007935642635115e-06
