Position,rho_mol_v,rho_mass_v,muv_CO2,muv_H2O,muv_N2,muv_O2,muv_mix,Dv_CO2,Dv_H2O,Cpv_CO2,Cpv_H2O,Cpv_N2,Cpv_O2,kt_vap
0.0,41.57797277796757,1.201145390618538,1.5851514504197067e-05,1.0475946160527282e-05,1.8539428576051584e-05,2.151290318191254e-05,1.782508473311079e-05,1.709402081449419e-05,2.6033002969609218e-05,38.536002353385804,33.672649343993996,29.164648512415376,29.70776953064372,0.02528738443555927
0.01,41.04237819696992,1.1775673724949733,1.6045124592249027e-05,1.062843544772863e-05,1.8722589554737496e-05,2.173294058461369e-05,1.7902547145564857e-05,1.7547485748682264e-05,2.6642117577882255e-05,38.81734876035731,33.69681550736141,29.17654363524227,29.773312750673075,0.025521716919914318
0.02,40.67013038116515,1.1601439987025095,1.6182188348657256e-05,1.0736921041127132e-05,1.8852022414355123e-05,2.1888466163558887e-05,1.7943914790149573e-05,1.7880981579573128e-05,2.708141563107726e-05,39.01157238616316,33.714580575573905,29.18519194281069,29.818768515783017,0.02568214591763466
0.03,40.39387957061293,1.1464614702787348,1.628526352937918e-05,1.0818797038668444e-05,1.894923373485322e-05,2.2005292532809144e-05,1.7965505513863505e-05,1.8140053429044598e-05,2.7417006985965414e-05,39.155019128384126,33.72829008127465,29.191816863313683,29.85245420610581,0.025799028117608692
0.04,40.179565092792686,1.1352650577737688,1.636604004383146e-05,1.0883136407666172e-05,1.9025340809839373e-05,2.2096766907813154e-05,1.7975231545391052e-05,1.834902486302961e-05,2.7683732787264122e-05,39.26590378196553,33.739239745388204,29.19708003853374,29.878561299253214,0.025887842970564748
0.05,40.008332561021284,1.125848079509148,1.6431094981582735e-05,1.0935066045848254e-05,1.9086588262581967e-05,2.2170387952102727e-05,1.79773788522204e-05,1.8521833463291948e-05,2.7901419283426246e-05,39.354248347789145,33.74818800476283,29.201363876003953,29.899404782409704,0.025957245577995874
0.06,39.86520178924192,1.1176516456919245,1.648582918238911e-05,1.0978835258909357e-05,1.913808690981829e-05,2.223229526290738e-05,1.797540513474973e-05,1.867030126294986e-05,2.8086747657908622e-05,39.42792506369474,33.755805303184644,29.204998892459503,29.9168174855245,0.026014437094983134
0.07,39.74346681404875,1.1104035536662642,1.6532638704068818e-05,1.101632401918015e-05,1.918210621986339e-05,2.2285214847020794e-05,1.7970556633697616e-05,1.8799774785394856e-05,2.824707203150707e-05,39.49046764237849,33.762383401115684,29.208129743188948,29.931620360652744,0.02606238359419016
0.08,39.63722641584094,1.103870442126397,1.6573684960818813e-05,1.104924015263122e-05,1.9220688367401264e-05,2.2331600413473063e-05,1.79640187569726e-05,1.8915155216197924e-05,2.838915050113931e-05,39.544959522252206,33.76819951399456,29.210891782441067,29.94453412053626,0.02610385418281276
0.09,39.54290759629747,1.0979024574123153,1.661027837780235e-05,1.1078619390075328e-05,1.9255071327675128e-05,2.23729394345484e-05,1.7956385471602533e-05,1.9019484868336405e-05,2.8517087551687347e-05,39.59326652270124,33.77342216978329,29.213367229991473,29.955995026621935,0.026140440262026575
0.1,39.458152213473305,1.0923974330884199,1.6643284978383773e-05,1.1105146420933002e-05,1.9286073140451972e-05,2.241021482997757e-05,1.794800624141669e-05,1.9114799560193093e-05,2.86335998892832e-05,39.63661934687523,33.778163044013226,29.21561052565146,29.96629093814556,0.026173165386280933
0.11,39.3809438957374,1.087267990394259,1.66734548507856e-05,1.1129416436445831e-05,1.931440144024164e-05,2.2444276988821173e-05,1.793917499047436e-05,1.9202889221289087e-05,2.8741064503069686e-05,39.67606573807464,33.782521331902366,29.21766967903915,29.97566771593588,0.026202919597425454
0.12,39.310089127353876,1.082458713189686,1.6701228302177325e-05,1.1151777956093267e-05,1.934047195577995e-05,2.2475625458320336e-05,1.7930015339677522e-05,1.9284823006711223e-05,2.8840868747540748e-05,39.71222751235559,33.786554326270014,29.219572546413037,29.984270969271414,0.026230187590128375
0.13,39.24451132436882,1.0779205110731256,1.6727007221933156e-05,1.1172550163485189e-05,1.9364663703122032e-05,2.2504715733609028e-05,1.7920650070323063e-05,1.9361582264987612e-05,2.893429069771498e-05,39.74566333810745,33.79031553211371,29.22134497436522,29.992231912204595,0.0262554240178426
0.14,39.18343140547257,1.0736164735923976,1.6751082184923258e-05,1.1191963764943731e-05,1.9387250743811652e-05,2.2531877173848692e-05,1.7911147700204747e-05,1.9433887249904675e-05,2.9022253930389734e-05,39.77677758680669,33.79384356993067,29.223005627777248,29.999645498504155,0.026278942961539424
0.15,39.12625812118625,1.0695181825713715,1.6773673634562306e-05,1.1210193758087148e-05,1.9408441001197136e-05,2.2557359654227787e-05,1.790155539142909e-05,1.950228678642564e-05,2.9105458628046554e-05,39.805877146917496,33.79716772000014,29.22456865988471,30.00658378539262,0.026300979331800183
0.16,39.07246229949083,1.0656002745918212,1.679498041099597e-05,1.122739834182812e-05,1.9428421879977036e-05,2.2581388411562732e-05,1.7891914781612716e-05,1.956728018214856e-05,2.9184540217117473e-05,39.83323596914609,33.800314784513425,29.226046972993718,30.013111224590993,0.02632174587953433
0.17,39.021670448983095,1.0618442470501366,1.6815141965432686e-05,1.1243688253397617e-05,1.9447324893773535e-05,2.2604121497001417e-05,1.788224731447408e-05,1.96292197529558e-05,2.9259941265648343e-05,39.85904779469346,33.80330333628678,29.22744953763756,30.019273323387484,0.02634138500533429
0.18,38.97353933114875,1.0582333578025036,1.6834287417763416e-05,1.1259166246726751e-05,1.9465271723941474e-05,2.2625705158063876e-05,1.7872575780604504e-05,1.9688432414121655e-05,2.9332073822625987e-05,39.88349022792715,33.80615081651979,29.228784744759885,30.025111878904312,0.02636003158205233
0.19,38.92779567040674,1.054754051583788,1.685251943645489e-05,1.1273913991281877e-05,1.9482359136731304e-05,2.264625569533212e-05,1.7862914671591038e-05,1.9745179817892664e-05,2.9401264408448775e-05,39.906704721356,33.80887106010457,29.230059254668586,30.030660169515162,0.02637778963239373
0.2,38.88421671214093,1.0513952897962715,1.6869921619380357e-05,1.1287997962374368e-05,1.949866593265991e-05,2.2665867815703186e-05,1.785327605429448e-05,1.979967459146023e-05,2.9467777782982074e-05,39.928806608546,33.81147530946942,29.2312784825759,30.03594532149289,0.026394743510790502
0.21,38.842598027693086,1.0481470126013201,1.6886571111515024e-05,1.1301479601355787e-05,1.9514264790610018e-05,2.2684628874295654e-05,1.784367128720022e-05,1.9852113895565e-05,2.9531859033350827e-05,39.94990154059514,33.81397404629871,29.23244746294403,30.040992219147096,0.02641097142021585
0.22,38.80278276926278,1.045001435926127,1.690252673893579e-05,1.131440567234274e-05,1.9529211164639416e-05,2.2702605518415347e-05,1.7834108046765117e-05,1.9902647684014514e-05,2.9593692744720975e-05,39.97007073194184,33.81637517223762,29.23357000297693,30.04581996110275,0.02642653111502249
0.23,38.764624824846365,1.0419514332302309,1.691784359684521e-05,1.1326820041586447e-05,1.9543556964576194e-05,2.271986013960907e-05,1.7824594902538216e-05,1.9951416365286906e-05,2.9653452187734145e-05,39.989389703798594,33.81868616235223,29.23464969436533,30.050446331727464,0.02644147777354382
0.24,38.72800223074506,1.038991054603411,1.693256757764424e-05,1.1338759223604542e-05,1.9557345438569418e-05,2.2736444717495364e-05,1.7815138547736033e-05,1.9998536897329737e-05,2.9711280355808593e-05,40.007921533667044,33.82091321877789,29.235689520347595,30.054886177076334,0.02645585627150087
0.25,38.69281174267112,1.0361153407812056,1.694673744982262e-05,1.1350254044210886e-05,1.9570613128834823e-05,2.27524031708326e-05,1.7805745562010004e-05,2.004410733846917e-05,2.9767296736889812e-05,40.02571964846155,33.82306156074214,29.236691994018265,30.0591520652575,0.026469704477280614
0.26,38.65895722144354,1.0333197312712312,1.6960389462554566e-05,1.1361333360181297e-05,1.958339418927315e-05,2.2767776549891435e-05,1.7796422482700812e-05,2.0088219553878545e-05,2.9821612978571427e-05,40.04283373069796,33.8251361057583,29.237659478194434,30.063255695916897,0.026483057955936005
0.27,38.62636140429946,1.0306006155131577,1.6973552546819963e-05,1.1372020153469612e-05,1.9595715897207022e-05,2.278259763722248e-05,1.7787175006878724e-05,2.013094607223408e-05,2.9874316123393954e-05,40.05930379116461,33.827140728186606,29.23859384108097,30.067206474550545,0.02649594433443655
0.28,38.5949516060951,1.0279546721943436,1.698625403097145e-05,1.1382336158657043e-05,1.9607604008653715e-05,2.2796897388493735e-05,1.777800933831021e-05,2.017235524108469e-05,2.992548823121562e-05,40.075167419516845,33.82907911592037,29.239496857191835,30.07101324676986,0.026508390186713332
0.29,38.564665333839116,1.0253790944592,1.699851733927873e-05,1.1392299987065954e-05,1.9619080606903994e-05,2.2810702344249606e-05,1.7768931120878696e-05,2.0212505291364684e-05,2.9975198303049715e-05,40.09045696258544,33.83095441189463,29.24037004119865,30.07468361853862,0.026520417797765622
0.3,38.535448274436604,1.0228715203678755,1.7010362769441512e-05,1.140192775031475e-05,1.9630164833350694e-05,2.282403550855399e-05,1.7759946132844597e-05,2.025144603581823e-05,3.002350486347704e-05,40.10520055652413,33.832769324275226,29.241214700257174,30.078224200781225,0.026532046460707337
0.31,38.50724930070842,1.0204297696370577,1.7021809490351942e-05,1.141123467820016e-05,1.9640874759175836e-05,2.2836918600105527e-05,1.7751060178808022e-05,2.0289224508571254e-05,3.007046286621571e-05,40.119424658737614,33.83452642626346,29.24203207427134,30.081641215117916,0.026543294471769573
0.32,38.48002578023803,1.0180520905880797,1.7032873366928842e-05,1.1420233345785005e-05,1.965122535191498e-05,2.2849369605949248e-05,1.774227874503836e-05,2.0325878969633822e-05,3.0116116058913606e-05,40.13315137892497,33.8362278175045,29.24282317893516,30.084939850992168,0.026554176584927265
0.33,38.45373722326902,1.015736866587315,1.7043569518689437e-05,1.1428935749332197e-05,1.9661230871043e-05,2.286140566291122e-05,1.773360757387792e-05,2.03614457531124e-05,3.016050585472163e-05,40.146401691908935,33.83787551219405,29.24358898681484,30.088125035785694,0.026564707106677955
0.34,38.428347838797244,1.0134827099760726,1.705391126693932e-05,1.143735244699103e-05,1.9670903884230917e-05,2.287304187405739e-05,1.7725052084038255e-05,2.039595659356555e-05,3.0203667661276884e-05,40.15919415498713,33.83947127392221,29.244330350935023,30.091201125396232,0.026574898374892245
0.35000000000000003,38.40382564037477,1.0112884300780116,1.706391048371238e-05,1.1445492839438549e-05,1.9680255595025686e-05,2.2884291702692278e-05,1.7716617694041367e-05,2.042943938879307e-05,3.02456320832411e-05,40.171545365110624,33.84101666596575,29.2450480285555,30.09417201287074,0.026584761378283417
0.36,38.38014015525007,1.0091529181338654,1.7073578514511646e-05,1.1453365918614269e-05,1.968929670680685e-05,2.2895168011534877e-05,1.7708309794363875e-05,2.046192080513819e-05,3.0286428097156012e-05,40.18347111771714,33.84251319125852,29.245742746479294,30.097041406174665,0.026594306663324328
0.37,38.35726484160286,1.0070752379667867,1.7082925182864636e-05,1.146097945519982e-05,1.9698036492635414e-05,2.2905681943655925e-05,1.7700133399071395e-05,2.0493423634536398e-05,3.032607968970098e-05,40.19498519351425,33.843962136273774,29.24641512881503,30.09981253553825,0.026603543142538984
0.38,38.33517417865884,1.0050545130140949,1.7091959969428957e-05,1.1468340956931155e-05,1.9706483898637344e-05,2.291584424972507e-05,1.769209361098001e-05,2.052396984583384e-05,3.036460984995029e-05,40.20610082740222,33.845364751532315,29.247065781004718,30.102488506148603,0.026612479571911506
0.39,38.31384480575548,1.0030899477113415,1.7100691540247357e-05,1.1475457282969472e-05,1.9714647103425994e-05,2.292566475792097e-05,1.7684195143854193e-05,2.055357950901218e-05,3.0402039042636448e-05,40.21683013793986,33.84672217700586,29.247695255376886,30.10507216029698,0.02662112379999012
0.4,38.29325508581694,1.0011808123583146,1.7109127918663805e-05,1.1482334782541219e-05,1.9722533679402904e-05,2.2935152567897528e-05,1.7676442510386676e-05,2.0582271156268805e-05,3.0438385833531254e-05,40.22718434988067,33.848035467276425,29.248304062994034,30.10756613038817,0.02662948311254092
0.41000000000000003,38.2733840913314,0.9993264076938049,1.7117276895560516e-05,1.1488979628242493e-05,1.9730150976703493e-05,2.2944316512619803e-05,1.766884012158813e-05,2.0610062875780887e-05,3.0473668192251568e-05,40.23717430641317,33.84930565418715,29.248892702835445,30.109972961873588,0.02663756462041151
0.42,38.25421260117764,0.9975260664405421,1.7125145616357174e-05,1.1495397478371767e-05,1.9737505737497803e-05,2.2953164694300026e-05,1.7661391820754274e-05,2.0636971398972654e-05,3.0507902358751306e-05,40.24680996988235,33.85053368149731,29.249461631626215,30.112294992602887,0.02664537473000251
0.43,38.2357218609179,0.9957791419393301,1.7132741085303348e-05,1.15015938872582e-05,1.9744604567727423e-05,2.2961705051868416e-05,1.7654101432477053e-05,2.0663013200120645e-05,3.054110431669087e-05,40.25610104684424,33.85172048254054,29.25001129993505,30.1145345030649,0.02665291984107771
0.44,38.21789402536715,0.9940849878318727,1.714006998062437e-05,1.1507574153810424e-05,1.9751453764595903e-05,2.2969945153395964e-05,1.7646972273623225e-05,2.0688204248223975e-05,3.0573289381258865e-05,40.26505676705643,33.85286695063702,29.250542138551623,30.116693662853812,0.026660205966577966
0.45,38.20071194951092,0.9924429535553547,1.7147138737170278e-05,1.1513343388247817e-05,1.9758059394086762e-05,2.2977892289314712e-05,1.7640007302095778e-05,2.071256014502864e-05,3.060447251630326e-05,40.273685989958175,33.85397395126262,29.25105456420822,30.11877455605863,0.026667238948596735
0.46,38.1841588026038,0.9908523929500779,1.7153953702446145e-05,1.1518906638864352e-05,1.9764427437001076e-05,2.2985553648080548e-05,1.763320932106974e-05,2.073609644028609e-05,3.063466865118755e-05,40.28199739968612,33.85504234585652,29.251548990672063,30.120779228056616,0.02667402458296618
0.47000000000000003,38.16821839067056,0.9893126195746984,1.716052100149208e-05,1.152426878122904e-05,1.977056366289586e-05,2.2992936164480964e-05,1.762658042392507e-05,2.0758828565767795e-05,3.06638926613009e-05,40.28999934418704,33.85607297009966,29.2520258187548,30.122709646507314,0.02668056841156409
0.48,38.15287472372838,0.9878229494344922,1.7166846712800643e-05,1.1529434661310717e-05,1.9776473794655044e-05,2.3000046717602355e-05,1.762012263043845e-05,2.078077195414911e-05,3.069215955006434e-05,40.29770005351295,33.85706666097509,29.252485448894724,30.124567753811135,0.026686876036961186
0.49,38.138112144530886,0.9863826614564876,1.717293681332622e-05,1.1534409050164785e-05,1.978216345727226e-05,2.300689206918696e-05,1.761383739080041e-05,2.0801942167357396e-05,3.071948455465624e-05,40.305107576056216,33.85802424769095,29.25292827700832,30.126355451559675,0.026692952914850656
0.5,38.12391524629504,0.9849910005122609,1.717879721049535e-05,1.1539196669666576e-05,1.9787638207918746e-05,2.301347889978505e-05,1.760772573084486e-05,2.0822354895502463e-05,3.07458832691824e-05,40.31222982067824,33.85894655627134,29.25335469666375,30.128074610537773,0.026698804500392477
0.51,38.110268763251625,0.9836472057883074,1.718443378564622e-05,1.154380222762715e-05,1.9792903576670598e-05,2.301981385773412e-05,1.760178850620372e-05,2.08420259252762e-05,3.077137150687305e-05,40.31907461238056,33.859834415994264,29.25376510210274,30.129727084012462,0.02670443625226231
0.52,38.09715764469035,0.9823504520471995,1.7189852361832724e-05,1.1548230391141452e-05,1.979796503656856e-05,2.302590352311741e-05,1.759602584549834e-05,2.0860971369218168e-05,3.079596568348546e-05,40.32564965586974,33.8606886539512,29.25415988576779,30.131314698798914,0.02670985355518275
0.53,38.084566944506335,0.9810999113182178,1.7195058747892222e-05,1.155248582226094e-05,1.980282804491435e-05,2.3031754457430405e-05,1.7590437793787685e-05,2.087920740804282e-05,3.0819682477938926e-05,40.33196259163285,33.86151010163297,29.254539441386843,30.132839268665435,0.026715061867847726
0.54,38.0724818549253,0.9798947114956491,1.7200058723049936e-05,1.1556573165097484e-05,1.9807498029012313e-05,2.303737318640847e-05,1.7585023858258287e-05,2.089675050826313e-05,3.0842539074835166e-05,40.33802097965457,33.86229959216912,29.254904162735343,30.134302590277265,0.026720066583347704
0.55,38.06088769304015,0.9787339439044306,1.7204858041064503e-05,1.1560497048903185e-05,1.9811980390161158e-05,2.304276620481249e-05,1.7579783153722423e-05,2.0913617343188957e-05,3.086455316743965e-05,40.34383230677709,33.863057960657024,29.2552544438251,30.135706444852673,0.026724873132648996
0.56,38.04976986681521,0.9776166940230591,1.7209462442943765e-05,1.1564262098171411e-05,1.9816280515644077e-05,2.3047939990838705e-05,1.7574714645913364e-05,2.0929824682901587e-05,3.0885742710374254e-05,40.34940400431801,33.86378604586139,29.25559067972433,30.13705260230319,0.026729486954800777
0.5700000000000001,38.039113935049755,0.9765419908173383,1.7213877630806007e-05,1.1567872910977582e-05,1.9820403754427126e-05,2.3052900976864068e-05,1.7569816680181856e-05,2.0945389590099317e-05,3.090612626644321e-05,40.35474341857257,33.86448468578305,29.255913264544898,30.1383428139955,0.026733913443005613
0.58,38.02890554796193,0.9755088626862414,1.7218109291214533e-05,1.1571334077780301e-05,1.9824355439058915e-05,2.3057655575780087e-05,1.7565087539528834e-05,2.096032915699411e-05,3.0925722632985534e-05,40.359857841125155,33.865154721058346,29.256222593044942,30.13957881996647,0.026738158045947605
0.59,38.01913049978281,0.9745163053608265,1.7222163072162336e-05,1.1574650162328985e-05,1.9828140864280175e-05,2.3062210155241686e-05,1.7560525079050096e-05,2.097466064923323e-05,3.094455100119218e-05,40.36475448300752,33.8657969910381,29.25651905884987,30.1407623425746,0.026742226144798216
0.6,38.00977474530317,0.9735632910295628,1.722604457500343e-05,1.157782569479597e-05,1.983176527959088e-05,2.306657102870962e-05,1.7556126861616107e-05,2.0988401399210836e-05,3.096263089940635e-05,40.36944046691089,33.86641233223414,29.256803053766195,30.14189508451498,0.02674612312814086
0.61,38.00082433920612,0.9726487908534398,1.7229759378468456e-05,1.1580865191167347e-05,1.9835233911772393e-05,2.3070744482535168e-05,1.755189034536544e-05,2.1001568763658855e-05,3.097998203594948e-05,40.373922858048886,33.86700158186346,29.257074969446773,30.14297873618164,0.0267498543759306
0.62,37.9922655831896,0.9717717436786539,1.7233312976493544e-05,1.1583773102126282e-05,1.9838551906929746e-05,2.30747367062122e-05,1.7547812549977887e-05,2.1014180135198373e-05,3.0996624396802043e-05,40.37820859093395,33.867565567733884,29.257335192751768,30.144014957870876,0.02675342518041045
0.63,37.98408489219295,0.9709310928542554,1.7236710832651193e-05,1.1586553857344252e-05,1.9841724381407494e-05,2.3078553853626026e-05,1.7543890468268252e-05,2.102625285720296e-05,3.101257809143424e-05,40.382304536816946,33.86810511662941,29.257584109646018,30.145005395992627,0.026756840858101698
0.64,37.976268907444954,0.9701257681271658,1.723995833217818e-05,1.158921182599285e-05,1.9844756377085356e-05,2.308220198925264e-05,1.754012081216306e-05,2.1037804231083695e-05,3.102786334025012e-05,40.38621744749999,33.868621046460994,29.25782210160374,30.145951669397448,0.026760106624231512
0.65,37.96880451858222,0.9693546940098665,1.7243060771752215e-05,1.159175130814299e-05,1.9847652851920573e-05,2.3085687076766643e-05,1.7536500127359624e-05,2.1048851417074206e-05,3.1042500404095424e-05,40.38995394468093,33.86911416440718,29.258049544777116,30.146855366711915,0.026763227648022327
0.66,37.96167874195472,0.96861679999609,1.7246023409102948e-05,1.1594176575154425e-05,1.9850418726346935e-05,2.3089015034857953e-05,1.7533024905605552e-05,2.1059411511065708e-05,3.105650959609126e-05,40.393520581261114,33.86958527457894,29.258266813556215,30.14771806108411,0.02676620906859189
0.67,37.954878970120006,0.9679110107115976,1.7248851358366998e-05,1.159649178380421e-05,1.9853058785657007e-05,2.3092191619765e-05,1.7529691397747798e-05,2.106950134849197e-05,3.106991108870992e-05,40.39692371683417,33.87003516117132,29.25847427282195,30.148541279989367,0.02676905587986365
0.68,37.948392734782374,0.9672362602618325,1.725154968774608e-05,1.1598701056025835e-05,1.985557777125053e-05,2.309522253505594e-05,1.7526495863214626e-05,2.107913764008916e-05,3.1082725050090033e-05,40.400169636701825,33.8704646037873,29.258672285036138,30.14932653394112,0.02677177306968236
0.6900000000000001,37.942207878134425,0.9665914877411614,1.725412334741354e-05,1.160080841969701e-05,1.985798031340127e-05,2.3098113350722124e-05,1.752343442378246e-05,2.108833684730069e-05,3.1094971461641014e-05,40.40326446645379,33.87087436577888,29.258861204886262,30.150075295757045,0.026774365490087805
0.7000000000000001,37.93631256828161,0.9659756435887777,1.7256577162254464e-05,1.1602817802502767e-05,1.9860270924550856e-05,2.310086949509896e-05,1.7520503151348983e-05,2.1097115108367904e-05,3.1106670061026524e-05,40.40621416458295,33.87126519290002,29.259041378685687,30.150788998701053,0.02677683789890721
0.71,37.93069512214197,0.9653876881430434,1.725891590481015e-05,1.1604733091491984e-05,1.98624540674667e-05,2.3103496336866737e-05,1.7517698108238313e-05,2.110548842526522e-05,3.11178405181076e-05,40.4090246114017,33.87163782474955,29.259213149668366,30.15146905793207,0.026779195006817257
0.72,37.92534432875587,0.96482659949317,1.7261144159961014e-05,1.1606558022097807e-05,1.986453402898786e-05,2.3105999033128237e-05,1.751501528495113e-05,2.11134723071191e-05,3.112850200973298e-05,40.41170144756881,33.87199297304942,29.25937684799381,30.15211683137116,0.026781441335307535
0.73,37.92024913188615,0.9642913686105347,1.7263266456368302e-05,1.1608296285618862e-05,1.9866515042781047e-05,2.3108382677105207e-05,1.751245070760318e-05,2.1121082087023393e-05,3.1138673603705006e-05,40.41425023316331,33.87233134242754,29.259532800344978,30.152733658133982,0.026783581377277047
0.74,37.91539883795886,0.9637810052899508,1.7265287179247076e-05,1.1609951457635101e-05,1.9868401207972227e-05,2.311065220022483e-05,1.7510000378585774e-05,2.1128332703689433e-05,3.114837395459634e-05,40.416676343906865,33.87265361637123,29.259681323469838,30.15332083336379,0.02678561946876378
0.75,37.9107831212749,0.9632945422079129,1.726721056755272e-05,1.1611526995555236e-05,1.987019648657469e-05,2.3112812369017492e-05,1.7507660337747126e-05,2.1135238656610042e-05,3.1157621270490206e-05,40.418984968808125,33.87296045663268,29.259822723923484,30.153879607606928,0.02678755982078601
0.76,37.90639181397437,0.962831024886098,1.726904080092819e-05,1.1613026309706579e-05,1.987190478469366e-05,2.3114867882819264e-05,1.7505426647133922e-05,2.1141814266100228e-05,3.116643360585246e-05,40.42118121544022,33.873252516969075,29.259957304414453,30.15441121224527,0.026789406587819815
0.77,37.90221526225782,0.9623895312696717,1.7270781850714375e-05,1.1614452641163323e-05,1.9873529813506778e-05,2.311682320649022e-05,1.7503295417639446e-05,2.1148073226204344e-05,3.1174828298027155e-05,40.42326993198564,33.873530419249036,29.260085352807764,30.15491681637775,0.02679116371430983
0.78,37.89824396901226,0.961969153691142,1.7272437628383507e-05,1.1615809183223075e-05,1.9875075227852006e-05,2.3118682737164405e-05,1.7501262811814202e-05,2.115402903174169e-05,3.1182822508862486e-05,40.42525588617172,33.873794777022006,29.260207152998564,30.15539757008836,0.026792835103124746
0.79,37.89446881384239,0.9615690113160478,1.7274011893362547e-05,1.1617099005787366e-05,1.987654454023179e-05,2.3120450700769588e-05,1.7499325044905274e-05,2.115969471095472e-05,3.119043285724586e-05,40.42714365540826,33.87404618070229,29.260322978096795,30.155854577814043,0.026794424495326853
0.8,37.890881051099605,0.9611882523360813,1.7275508253393118e-05,1.1618325055549495e-05,1.9877941121188037e-05,2.312213115247295e-05,1.74974784246638e-05,2.1165082802736376e-05,3.119767540622192e-05,40.428937627952,33.87428519752168,29.260433090416957,30.156288898587448,0.02679593549491002
0.81,37.887472085882884,0.9608260386009658,1.727693025754902e-05,1.1619490232114579e-05,1.9879268286151447e-05,2.3123728081178638e-05,1.7495719297896918e-05,2.1170205656524348e-05,3.1204566023446614e-05,40.43064211506938,33.87451238629507,29.260537748290663,30.156701573157207,0.026797371647023532
0.8200000000000001,37.88423384962221,0.9604815726664957,1.7278281239202658e-05,1.1620597259243265e-05,1.9880529148911834e-05,2.312524523320968e-05,1.7494044142068712e-05,2.1175074924570596e-05,3.121111973615539e-05,40.43226116338508,33.87472827224918,29.260637194480235,30.15709357852468,0.026798736287944925
0.8300000000000001,37.881158417004485,0.9601540711107197,1.7279564475459873e-05,1.1621648815407661e-05,1.9881726770450026e-05,2.312668629138761e-05,1.7492449490216276e-05,2.117970206628256e-05,3.121735137248514e-05,40.433798746558224,33.87493337241338,29.260731667884354,30.157465874320454,0.026800032707343754
0.84,37.878238263594625,0.9598427830961387,1.7280783079367024e-05,1.1622647445390086e-05,1.988286405836186e-05,2.3128054754009184e-05,1.7490931992191027e-05,2.118409800063014e-05,3.122327511588214e-05,40.435258636598725,33.87512817832316,29.260821395578436,30.15781937162076,0.026801264042613765
0.85,37.87546650355185,0.9595470077681543,1.7281939900365446e-05,1.1623595478626595e-05,1.9883943673984376e-05,2.3129353823090135e-05,1.7489488568447456e-05,2.1188272726441034e-05,3.1228904157039644e-05,40.43664428515664,33.875313140028666,29.26090658545758,30.158154904173795,0.026802433306776945
0.86,37.87283592881423,0.9592660262755156,1.7283037925010385e-05,1.1624495357535717e-05,1.9884968406395237e-05,2.3130586854384008e-05,1.748811594068169e-05,2.1192236759880703e-05,3.123425213675759e-05,40.43795930396009,33.87548873009974,29.260987455723242,30.158473344712732,0.026803543440079427
0.87,37.8703425218782,0.9589993452638843,1.7284078810357663e-05,1.1625348435483682e-05,1.988593980372408e-05,2.313175571047401e-05,1.7486812439882417e-05,2.1195995815674573e-05,3.123932797856322e-05,40.43920570891755,33.875655209014134,29.26106412683848,30.158775179723968,0.02680459729044102
0.88,37.867981760209126,0.9587464407868959,1.728506442608625e-05,1.1626156240515964e-05,1.9886859612377616e-05,2.3132862492546165e-05,1.7485576106724693e-05,2.1199556397557146e-05,3.124414130910899e-05,40.440385767706545,33.87581287166356,29.2611367350707,30.159060956815104,0.026805597631331946
0.89,37.86575520041247,0.9585072094832603,1.72859941052111e-05,1.1626918221963073e-05,1.9887727211349354e-05,2.3133906453155497e-05,1.748440819030386e-05,2.1202915758658603e-05,3.124869292583429e-05,40.44149870873959,33.875961607476654,29.261205229925526,30.15933048768499,0.026806547328340244
0.9,37.863705497261584,0.958284343729701,1.728685001893722e-05,1.1627619762642246e-05,1.9888525963958096e-05,2.3134867573567866e-05,1.7483331882507562e-05,2.1206008403676592e-05,3.125292452508993e-05,40.44252321822506,33.87609855985413,29.261268296366858,30.159578609003685,0.02680745065702054
0.91,37.86180927138172,0.9580760554548702,1.728764191153998e-05,1.162826884501123e-05,1.988926496528104e-05,2.3135756797457765e-05,1.748233501017432e-05,2.120886970650477e-05,3.125687253002775e-05,40.443470988962495,33.876225283763596,29.261326650916576,30.159808151037897,0.026808309349791636
0.92,37.86042927723535,0.957906772880762,1.7288218258946823e-05,1.1628741263319638e-05,1.9889802814418177e-05,2.3136403979875373e-05,1.7481612256422963e-05,2.121094495597224e-05,3.1260018754788645e-05,40.4441607214507,33.87631752399038,29.261369125201036,30.15997520185688,0.026809139710426325
0.93,37.859849536696316,0.9577957406753363,1.7288460394879387e-05,1.162893973882379e-05,1.9890028775529747e-05,2.3136675874193672e-05,1.7481320031344213e-05,2.1211797353250155e-05,3.126195785952622e-05,40.444450476661174,33.87635627842663,29.261386970378986,30.16004538043457,0.0268099582501569
0.9400000000000001,37.86120123197364,0.9578191931110909,1.728789585179414e-05,1.1628476992818981e-05,1.9889501943451195e-05,2.3136041948194694e-05,1.7482058250427522e-05,2.1209701957279595e-05,3.126106768477814e-05,40.44377489370142,33.876265924097005,29.26134536486523,30.159881755353496,0.026810805748769918
0.9500000000000001,37.87130977355556,0.9584371781107645,1.7283675012875955e-05,1.1625017492218299e-05,1.988556296431583e-05,2.3131302269663475e-05,1.7487425589514514e-05,2.1194273481264253e-05,3.12475538618092e-05,40.4387222039558,33.875590622724204,29.261034382247008,30.15865809086616,0.026811905392123775
0.96,37.90303280678947,0.9605097134315216,1.7270441021841333e-05,1.1614173415902018e-05,1.9873211699064794e-05,2.3116440433474166e-05,1.750404252510581e-05,2.114614094227392e-05,3.1203024940786265e-05,40.42286108291765,33.8734760113073,29.260060284007935,30.154817846435428,0.026813595042625066
0.97,37.99780940514907,0.9667366906136494,1.7231011029793315e-05,1.1581889382926213e-05,1.9836402591600757e-05,2.3072150640498816e-05,1.755155051720523e-05,2.1004563176295157e-05,3.10686568779885e-05,40.375432621505844,33.867200195212995,29.257166613530124,30.143343760168815,0.026815909645685112
0.98,38.26153113245707,0.983357305453944,1.7122141041993602e-05,1.1492946723588487e-05,1.9734697478006087e-05,2.29497861944368e-05,1.7664893917619267e-05,2.06284935345856e-05,3.069779086328807e-05,40.2431319523124,33.850064597747206,29.249244331369614,30.111408588386965,0.026809031303780796
0.99,38.841603268892456,1.0172955121033382,1.688696942373435e-05,1.1301802209720341e-05,1.9514637936701294e-05,2.2685077669020674e-05,1.7850749727265652e-05,1.9869296526776436e-05,2.9904546842091615e-05,39.950405593660435,33.81403390976189,29.232475458651862,30.041112842669477,0.026755748858771685
1.0,39.75557669020335,1.065598622610349,1.652797156952776e-05,1.1012583862437555e-05,1.9177718235501902e-05,2.227993951922525e-05,1.8021623271167762e-05,1.881520060794342e-05,2.8716909897630387e-05,39.484251021980704,33.76172491277685,29.207816671260563,29.930148086286273,0.026604003700699222
