Position,k2,Cl_MEA_true,Dl_CO2,kl_CO2,Ha,E,Psi,Psi_H,eta_psi
0.0,23.95213236368855,1297.6074404791243,2.4452978823883904e-09,2.7770624309935956e-05,313.9236228505737,100.75373582976617,106.37013740376614,0.04429499951864669,1.0
0.01,26.114307248046423,1330.8483615972416,2.555392759648894e-09,2.8755134547889985e-05,327.7305809399062,98.1198929479085,105.75889756901539,0.042745449283074895,1.0
0.02,28.023839118756758,1361.3014892098868,2.6466280593845897e-09,2.9571664672249245e-05,339.79083348329556,96.68448521040139,105.96144454687844,0.04180098548248892,1.0
0.03,29.750232127896872,1389.8081739803486,2.7245741496091467e-09,3.0270934900252513e-05,350.6275942749222,96.05579620015061,106.74465319111523,0.041255324278487035,1.0
0.04,31.336822547391044,1416.8659782626617,2.79261223809484e-09,3.0883451938073007e-05,360.55485418158264,96.00542554158974,107.96526683345687,0.040990395846678074,1.0
0.05,32.808561546820044,1442.7977844825123,2.852750929584432e-09,3.142737061444128e-05,369.7602390475641,96.40775188605001,109.5465376609553,0.04094060867414846,1.0
0.06,34.19340955386087,1467.8672387827744,2.9068785116269823e-09,3.191926738544634e-05,378.42090393808667,97.14761191929134,111.40837045806381,0.04104891520449748,1.0
0.07,35.50491650295103,1492.2331541137662,2.9560179656659472e-09,3.236825911745961e-05,386.63109794213693,98.16777806745475,113.51391078392722,0.04128589402607823,1.0
0.08,36.75735463074526,1516.0334219749052,3.0011128057954034e-09,3.278259092178621e-05,394.4794623742211,99.4168908304987,115.82746353268843,0.04162604419476273,1.0
0.09,37.961087228277776,1539.3668038466428,3.042848804683728e-09,3.316824712851134e-05,402.0296147172026,100.85913578745554,118.32407423791626,0.04205154400549357,1.0
0.1,39.12320512746378,1562.3072408081164,3.081710268403514e-09,3.352946736744766e-05,409.3263325896125,102.47133199808088,120.98834757848414,0.042550592474045947,1.0
0.11,40.25104077349705,1584.918927376286,3.1181511861385676e-09,3.387017173356016e-05,416.41203103099224,104.23139754820502,123.80457750815772,0.04311231009546408,1.0
0.12,41.34899314644156,1607.2458733984881,3.1524707539678574e-09,3.419296482153093e-05,423.3137767211775,106.12616501913841,126.76410829683637,0.04372992418805397,1.0
0.13,42.421467859023984,1629.3272592906217,3.1849456038585545e-09,3.4500230903814195e-05,430.0569946122712,108.14341327260055,129.85855408732027,0.04439728793060945,1.0
0.14,43.47189687504855,1651.192530903475,3.2157953687257595e-09,3.4793859018973565e-05,436.6613533230014,110.27361372187332,133.08137667258703,0.04510957768141057,1.0
0.15,44.50278323096326,1672.864059428085,3.245188921744703e-09,3.507530305565293e-05,443.1415496349553,112.50990726675408,136.4280882077109,0.04586322096834641,1.0
0.16,45.51667776622628,1694.361231628769,3.2732863931674105e-09,3.534592832358632e-05,449.51158694481296,114.84540378706357,139.8938477569308,0.04665474490077218,1.0
0.17,46.51520151325691,1715.6964644649518,3.3002039050128707e-09,3.560672648319117e-05,455.7807932913203,117.275300144377,143.4753864519057,0.04748163780365531,1.0
0.18,47.49995089636231,1736.8803609768602,3.326049842814603e-09,3.585861588937686e-05,461.9578878474859,119.79488956764786,147.16932359999512,0.04834149815385521,1.0
0.19,48.47217049320356,1757.9196090295732,3.3509143603363452e-09,3.61023559488399e-05,468.04957944871353,122.39999628842214,150.97249801730015,0.04923221274674989,1.0
0.2,49.43273896078739,1778.8177839142156,3.3748699503779354e-09,3.63385543925167e-05,474.0606888483042,125.08710314343564,154.8821464997496,0.05015199358435142,1.0
0.21,50.382543763420756,1799.5771429262634,3.3979859108572486e-09,3.656778656259736e-05,479.9957511582994,127.85247734031914,158.89512752724124,0.051099013926633644,1.0
0.22,51.32207869699835,1820.1965198481957,3.4203150482287674e-09,3.679048658523405e-05,485.8573563682124,130.6928698532165,163.00850413896663,0.05207169434536232,1.0
0.23,52.25181473185614,1840.6738541545972,3.4419069804062656e-09,3.700705836480794e-05,491.64781155947634,133.60490077124416,167.21906632806872,0.0530684416452915,1.0
0.24,53.17205881308004,1861.005045541889,3.4628040218976886e-09,3.721784119390491e-05,497.3685174185851,136.5851598437179,171.52336021642958,0.0540876942715014,1.0
0.25,54.082940261516725,1881.1843089128974,3.4830410350628762e-09,3.742310961893591e-05,503.01999061535105,139.63030048674656,175.91779846474395,0.05512795562202579,1.0
0.26,54.98458603647384,1901.2051880256145,3.502651530600573e-09,3.762312407623512e-05,508.60261260962966,142.73671159650758,180.39838325377,0.05618765974172383,1.0
0.27,55.8769274320523,1921.0593472124242,3.5216617871138675e-09,3.781808215004324e-05,514.11582363596,145.9007718034957,184.96088247488706,0.05726527754192884,1.0
0.28,56.75987930590415,1940.738006323482,3.5400966350130994e-09,3.800816742242396e-05,519.5589318756568,149.11864946026637,189.60071143574052,0.058359230846771734,1.0
0.29,57.633272774708914,1960.2313304633208,3.5579776408842664e-09,3.819353404603481e-05,524.9308127519811,152.38632143226565,194.31290659389006,0.059467904159487314,1.0
0.3,58.49684778388227,1979.5286572931293,3.575322927907224e-09,3.837430591508416e-05,530.2299219840387,155.69964538438194,199.09220924509694,0.06058967148905163,1.0
0.31,59.3503432986749,1998.6190475212436,3.5921500537896828e-09,3.855060065482639e-05,535.4546748479627,159.05421667120342,203.93295240790434,0.061722839118660854,1.0
0.32,60.193402968262035,2017.490777803586,3.608473242352651e-09,3.8722506833189106e-05,540.6030689720138,162.44551223589593,208.82916984390607,0.06286570403570148,1.0
0.33,61.02566442950815,2036.1320128955283,3.62430607188534e-09,3.889010664056437e-05,545.6730732462457,165.86879833901776,213.7745467242764,0.06401651547775089,1.0
0.34,61.84673147156231,2054.530639326868,3.6396607052677194e-09,3.905346958676562e-05,550.6625149627041,169.3191680534952,218.76244532980922,0.06517349055935122,1.0
0.35000000000000003,62.65617061756736,2072.674447039782,3.6545477344646e-09,3.921265173133744e-05,555.5690938571909,172.79161151244037,223.78599149763892,0.06633483964761887,1.0
0.36,63.45355635619282,2090.5512637288107,3.6689775993727493e-09,3.936770719206363e-05,560.3905499011321,176.28091166563397,228.8379783205245,0.06749872697253667,1.0
0.37,64.23843403841103,2108.1491098479078,3.6829593230025694e-09,3.951867866769678e-05,565.1245592067656,179.78182964270565,233.9110735644712,0.06866333799254697,1.0
0.38,65.01035592013893,2125.456173176431,3.6965016960014775e-09,3.9665606685751455e-05,569.7688507484879,183.28898245480806,238.99769495168707,0.06982683428290862,1.0
0.39,65.76887881436231,2142.46104029143,3.7096130595228487e-09,3.980852853585451e-05,574.3212252756362,186.7969441463742,244.09013921899307,0.0709873885426295,1.0
0.4,66.51356133857429,2159.152838415318,3.722301133587443e-09,3.9947477291193475e-05,578.7795628630113,190.30032030471705,249.1806788687929,0.07214320993798631,1.0
0.41000000000000003,67.2439817777966,2175.52097835825,3.73457371973795e-09,4.008248676746624e-05,583.1418484728703,193.7936114409657,254.26140542270605,0.07329249520827645,1.0
0.42,67.95973614207684,2191.555871532454,3.7464381897617225e-09,4.0213589285737234e-05,587.4062504320466,197.27149765666482,259.32459700690106,0.0744335255109883,1.0
0.43,68.66043925123446,2207.2482990644207,3.7579018886755994e-09,4.0340817363320856e-05,591.5710457162953,200.72862540354217,264.3624510172894,0.07556459216148301,1.0
0.44,69.34573849062798,2222.589942758739,3.768972209341899e-09,4.046420564416758e-05,595.6347260777692,204.15977631672806,269.36731724025105,0.07668405206510887,1.0
0.45,70.01530905905679,2237.5734711112746,3.779656376729474e-09,4.0583789452652306e-05,599.5959906732963,207.5599390760671,274.331793167,0.07779035070096729,1.0
0.46,70.66885527524218,2252.1919812292567,3.789961808014209e-09,4.069960633953408e-05,603.4536803888169,210.92411671460107,279.24848181578716,0.07888195520655428,1.0
0.47000000000000003,71.30612710765922,2266.440062388713,3.799895935903216e-09,4.08116973117056e-05,607.2069562916957,214.2476959370063,284.1104897034033,0.07995747605711889,1.0
0.48,71.92690067018441,2280.312765576628,3.809466241060676e-09,4.092010464618513e-05,610.8551106373661,217.52614349659538,288.91102378681137,0.08101556409357631,1.0
0.49,72.53099930537263,2293.806277880729,3.818680444114752e-09,4.1024875089327755e-05,614.397712668857,220.75521391336753,293.6436846143645,0.08205497698420022,1.0
0.5,73.11828586041061,2306.917944526158,3.8275462512268e-09,4.11260579513041e-05,617.8345841544474,223.9310071019337,298.30254181631096,0.08307459667416224,1.0
0.51,73.68865609781928,2319.6455661152636,3.836071577711103e-09,4.122370521114322e-05,621.1656919748659,227.04973457070082,302.88182951519286,0.08407334991873582,1.0
0.52,74.24205991892475,2331.988532933569,3.844264461085518e-09,4.1317873633518424e-05,624.3913489774512,230.1081125474513,307.37648359965056,0.08505033542921807,1.0
0.53,74.77847454730897,2343.946675183757,3.85213298162498e-09,4.140862138341187e-05,627.5119897196705,233.10301531825183,311.78167151882707,0.08600470853519779,1.0
0.54,75.29792524755295,2355.5209144831806,3.8596854535628416e-09,4.1496011162623794e-05,630.5283119391587,236.0316786213519,316.09308119541,0.08693574526034924,1.0
0.55,75.80047542037443,2366.71323306338,3.866930161242506e-09,4.158010808833566e-05,633.4412400886002,238.89173601120132,320.3069655207739,0.08784285282695521,1.0
0.56,76.28621899875834,2377.5259959519685,3.873875553861431e-09,4.1660979601503075e-05,636.251819447066,241.68098171255016,324.4198285842017,0.08872549052863582,1.0
0.5700000000000001,76.7552967507707,2387.9629170081153,3.880530123974888e-09,4.1738696907584436e-05,638.9613810507085,244.39771829159685,328.4289010123917,0.08958328091996855,1.0
0.58,77.2078727265862,2398.0280469219642,3.886902364402968e-09,4.181333217360712e-05,641.5713468406434,247.0404317992365,332.33169553091153,0.0904159034698552,1.0
0.59,77.64414947587198,2407.726279794769,3.893000893364272e-09,4.188496078570695e-05,644.0833366996113,249.6079542033557,336.1262372145971,0.09122314528290924,1.0
0.6,78.06435769332333,2417.0632942803772,3.898834214427243e-09,4.1953659327819165e-05,646.4991287177008,252.09947980555305,339.8110788238283,0.09200490569604235,1.0
0.61,78.46875195412377,2426.045024758016,3.9044109253568826e-09,4.201950593697847e-05,648.8205830777395,254.51436330822028,343.38503250100325,0.09276112997413084,1.0
0.62,78.85761755736011,2434.678324942092,3.909739522957866e-09,4.208258042188445e-05,651.0497417003355,256.8523754537754,346.8475154089668,0.09349189065047041,1.0
0.63,79.23125627460237,2442.9702496543996,3.914828456171794e-09,4.214296290580067e-05,653.1886993038909,259.1134513561898,350.19820556895564,0.09419730624737872,1.0
0.64,79.5899940738578,2450.928364752327,3.919686165526895e-09,4.220073491874243e-05,655.2396641084871,261.29779411475874,353.43718678886154,0.09487757356449379,1.0
0.65,79.93417193583721,2458.560685193014,3.924320888920644e-09,4.2255977713968e-05,657.2049225156561,263.4058780934025,356.5649453146279,0.09553296869231286,1.0
0.66,80.26414656464041,2465.8753471315417,3.928740889141345e-09,4.2308773245344974e-05,659.0868032079164,265.4383054273822,359.582180657026,0.09616380050355318,1.0
0.67,80.58028755697399,2472.880947264867,3.932954195758706e-09,4.235920298602557e-05,660.8877088141624,267.3959563085489,362.4900020984613,0.09677045863784145,1.0
0.68,80.88297386677192,2479.586156522352,3.936968754202032e-09,4.240734812800461e-05,662.6100604161187,269.279832462941,365.2897177117173,0.09735336345042275,1.0
0.6900000000000001,81.17259456372935,2485.9998429060474,3.940792390162685e-09,4.245328961399234e-05,664.2563149018574,271.09110284344223,367.9828950868291,0.09791298042896325,1.0
0.7000000000000001,81.44954172895004,2492.131022688877,3.9444326678147285e-09,4.249710689031203e-05,665.8289382274154,272.8311012638132,370.571350876331,0.0984498198339976,1.0
0.71,81.71421571454559,2497.988722829238,3.94789712348822e-09,4.25388793944432e-05,667.3304063296497,274.50124514710836,373.0570471612798,0.09896441057200314,1.0
0.72,81.9670149546226,2503.582050598122,3.95119297497823e-09,4.257868444340389e-05,668.763182659443,276.10309352966607,375.4421576144705,0.09945731930796799,1.0
0.73,82.20834138922618,2508.9200921065567,3.954327336774103e-09,4.2616598655003106e-05,670.1297240360508,277.63828012476193,377.7289829841178,0.09992912909438385,1.0
0.74,82.43859611717753,2514.011892283268,3.957307133404703e-09,4.265269721768134e-05,671.4324656452221,279.1085135085059,379.91994581651795,0.10038043984752884,1.0
0.75,82.65817452508034,2518.8664249039525,3.960139005055592e-09,4.2687053060540756e-05,672.673803547505,280.5155742663525,382.0175807945998,0.10081186799298157,1.0
0.76,82.86747464000143,2523.492600071561,3.962829531930989e-09,4.271973862628506e-05,673.8561220468141,281.86128596305116,384.02450325772065,0.10122403705520748,1.0
0.77,83.06688265649862,2527.899149099359,3.965384941345895e-09,4.275082327815998e-05,674.9817365922402,283.1475064491971,385.9433818461498,0.10161757602497322,1.0
0.78,83.25678425139893,2532.094723254349,3.967811353263194e-09,4.2780375460456014e-05,676.0529409562513,284.3761291437868,387.77695054569716,0.10199311943671004,1.0
0.79,83.43755723816747,2536.0877838249708,3.97011466691516e-09,4.280846153062534e-05,677.0719725461756,285.54905386657157,389.5279610941544,0.10235129887561847,1.0
0.8,83.60956848359392,2539.8865897397895,3.9723005001005154e-09,4.2835145239069414e-05,678.0410023663516,286.66818628922493,391.1991780291522,0.10269274332972948,1.0
0.81,83.7731840895443,2543.4992957450954,3.974374402252934e-09,4.2860489641703945e-05,678.9621783243906,287.7354438677127,392.7933958506774,0.10301808075681161,1.0
0.8200000000000001,83.92875180550007,2546.9337375399855,3.976341539918103e-09,4.288455408377793e-05,679.8375470580992,288.7527133874018,394.31336329440563,0.10332792608626212,1.0
0.8300000000000001,84.07661683760394,2550.1976422127996,3.97820698654627e-09,4.290739699422568e-05,680.6691275003473,289.72188870693356,395.76184889396797,0.10362289245433964,1.0
0.84,84.21711010628744,2553.2984805311153,3.979975517396223e-09,4.2929073897333885e-05,681.45885837727,290.6448394601805,397.14158619326696,0.10390358236099116,1.0
0.85,84.35052923803016,2556.2435016001195,3.9816511154912815e-09,4.294963358964702e-05,682.2085451961531,291.52348292776435,398.4553501008941,0.10417061170559827,1.0
0.86,84.4772015397266,2559.039771972204,3.983238554967099e-09,4.296913073046673e-05,682.9200566164097,292.35959756547277,399.70576921356286,0.10442454756036927,1.0
0.87,84.59724268358679,2561.694364381547,3.984737184771757e-09,4.2987577222004386e-05,683.5946147840839,293.15567043309085,400.89621926613603,0.10466618922866562,1.0
0.88,84.7108089987442,2564.2141495773994,3.986147461656054e-09,4.300499326925388e-05,684.2335374851043,293.9139995528618,402.02987158253535,0.10489627078894835,1.0
0.89,84.81763332399728,2566.606528202076,3.987458799686778e-09,4.302131324348888e-05,684.8369169283558,294.63848924261185,403.11163446155973,0.10511605251461012,1.0
0.9,84.91452274951766,2568.8843784676833,3.988583621468718e-09,4.303587716737983e-05,685.3966176537407,295.34477919317914,404.1592253520306,0.1053306442522054,1.0
0.91,85.00299353768035,2571.0511687303283,3.9895587821930295e-09,4.304898432279938e-05,685.9176765198913,296.0294094852866,405.16947456755446,0.10553887845403179,1.0
0.92,85.05694576184818,2573.164356175393,3.989694020078782e-09,4.305532558516119e-05,686.3277716352164,296.800476603174,406.26107209118726,0.10577616928047792,1.0
0.93,85.0556157622146,2575.2709439925425,3.988440928245932e-09,4.305068301295837e-05,686.5694841145125,297.7445202194007,407.52896836411213,0.10607079423426301,1.0
0.9400000000000001,84.91852619795235,2577.5354585791733,3.983678901298184e-09,4.3018701241861135e-05,686.4176094108776,299.1899971153262,409.33121583235146,0.10653015060711714,1.0
0.9500000000000001,84.16579773936725,2580.91732766642,3.962733929702268e-09,4.2861441621775345e-05,684.5190693750841,303.09158228570567,413.7849675171774,0.10779277747819437,1.0
0.96,81.94717190807718,2587.1787669038654,3.902738544221253e-09,4.240085705329578e-05,678.4069647934413,312.9802570257395,424.59893546355596,0.11100432263703794,1.0
0.97,75.90650300047379,2601.620414983443,3.737546942771413e-09,4.11135830895639e-05,660.7991235874447,338.84839314353786,451.47343673112965,0.11937055317174665,1.0
0.98,62.57777912103691,2634.7793574852026,3.3522860152638627e-09,3.8036786526101775e-05,618.086008434603,393.36587507614666,500.60571283507494,0.13687252677943956,1.0
0.99,43.87048480067402,2692.091122383349,2.7434060379690895e-09,3.293912848704043e-05,546.4671190610793,444.74369993521356,519.4541997734939,0.15433839119974987,1.0
1.0,28.6272577689598,2756.8861034603588,2.1535811461000033e-09,2.7653407887312848e-05,471.4452312231668,437.25316357450043,459.630674532846,0.1558504084609298,1.0
