0,1,2,3,4,5,6
1.0079729945893916,0.9175079593329628,0.8708565131911672,0.18534871819420173,0.8097420626984663,0.791875,1.0
0.9980586034231892,0.9214453064195542,0.8510277308587623,0.22122232498314526,0.8148224532483418,0.8022399169457128,1.0
0.9888500873871845,0.92478700451996,0.8326106987867532,0.2516689076757315,0.8189118271108963,0.8096065066316196,1.0
0.9801618755593555,0.9277048460697519,0.8152342751310953,0.2782536862405015,0.8223242469747778,0.8151615657302752,1.0
0.9718779283706198,0.9303050131341611,0.798666380753624,0.3019440972717858,0.8252447690689111,0.8195238558558157,1.0
0.9639199875211225,0.9326519046315994,0.7827504990546292,0.3233268864706683,0.8277830070505792,0.823042858952757,1.0
0.9562193363292614,0.9348025344954408,0.767349196670907,0.34292151411900085,0.8300342542093454,0.8260075306806393,1.0
0.9487340769399603,0.936791002787548,0.7523786778923048,0.3610386696693109,0.8320515944836163,0.8285458946739589,1.0
0.9414260337559479,0.9386469685500294,0.73776259152428,0.37794857994969705,0.8338814194880394,0.8307740151361315,1.0
0.9342671103145155,0.9403927036946509,0.7234447446414148,0.3938541668229151,0.835557126826713,0.8327622799998229,1.0
0.9272359879590896,0.9420443192878442,0.7093824999305632,0.40890222000534243,0.8371023771943434,0.8345572103384816,1.0
0.9203134353722822,0.9436164451274671,0.6955373947569484,0.42322603321079655,0.8385384958365322,0.8361992044453282,1.0
0.9134861959583315,0.9451191924604256,0.6818829159290472,0.43691773113330706,0.839879833745889,0.8377119224376556,1.0
0.906742123407958,0.946561630203311,0.6683947708283003,0.45005994167959423,0.8411392754314211,0.8391170120402655,1.0
0.9000718756242542,0.9479510202480234,0.6550542752608925,0.4627188287536414,0.8423270211951307,0.8404301148276837,1.0
0.8934682500203042,0.9492929946181433,0.6418470240529925,0.47494570634806854,0.8434509661367644,0.8416630906022917,1.0
0.8869247716375276,0.9505927587730393,0.6287600672874393,0.4867880019815652,0.844518404187771,0.8428266527177539,1.0
0.8804371523660002,0.9518541513235125,0.6157848287443847,0.4982806896636536,0.8455347350460346,0.8439282980955253,1.0
0.8740015780163422,0.9530806683901694,0.6029136800450684,0.509455622937639,0.8465049018300128,0.844974978135772,1.0
0.8676154166400668,0.9542751940046794,0.5901413572925178,0.5203390785365077,0.8474330227432568,0.8459722146906201,1.0
0.8612770176528848,0.9554400258970143,0.5774645593181537,0.5309519913333368,0.8483224447427803,0.8469244994531347,1.0
0.8549850819219055,0.9565773010386862,0.5648806878561954,0.5413138315130134,0.8491763060000742,0.8478359810009329,1.0
0.8487394064720694,0.9576886203050831,0.5523893369565227,0.5514391848290751,0.8499970567829045,0.8487098143458889,1.0
0.8425400463630222,0.9587754424470857,0.5399906167384284,0.561341342122877,0.8507869684953425,0.8495489568285733,1.0
0.8363876916340628,0.9598389676666318,0.5276859072805098,0.5710312385676303,0.8515479907938588,0.8503558678847504,1.0
0.8302835797488198,0.9608801391551764,0.5154776835100238,0.5805174676854808,0.852281756391828,0.8511326217818057,1.0
0.8242291461418246,0.9618998278473415,0.5033688162960336,0.5898079646585415,0.8529898109614674,0.8518811587649195,1.0
0.818226442223167,0.9628986590708596,0.491363408458718,0.5989084269172613,0.85367340470647,0.8526030221527616,1.0
0.8122776658928142,0.9638771913604696,0.4794658557980125,0.6078239433337079,0.8543337077454723,0.8532996704148935,1.0
0.8063853609116852,0.964835862412396,0.46768124583575443,0.6165585018068159,0.854971747840771,0.8539723511189773,1.0
0.8005523595720134,0.9657749882993465,0.4560152431564111,0.6251149821101418,0.8555884078225049,0.8546221432866997,1.0
0.7947815932542674,0.966694851754346,0.44447371052091905,0.6334959602556928,0.8561845314233818,0.8552500661872072,1.0
0.7890762745026869,0.9675956225765352,0.43306307301775787,0.641702983302305,0.8567608265959753,0.8558569608765113,1.0
0.7834396742421099,0.9684774399424022,0.4217898724966039,0.6497373193024272,0.8573179635306422,0.8564436293647969,1.0
0.777875179902216,0.9693403926809573,0.41066088381681604,0.6575997775870396,0.8578565486584298,0.8570107774757969,1.0
0.7723862473303217,0.970184518723742,0.3996830186730276,0.6652907037546338,0.8583771207468418,0.8575590339687974,1.0
0.7669763451227668,0.971009844848403,0.38886321425791764,0.6728103417793225,0.8588802020988924,0.8580890002732825,1.0
0.7616489253920841,0.971816360879189,0.3782083747965523,0.6801585989487068,0.8593662549236197,0.8586011973127841,1.0
0.7564074176656048,0.9726040468935316,0.3677253593435936,0.6873352937460497,0.8598357239464631,0.8590961286572223,1.0
0.7512551628517665,0.9733728762918824,0.357420849715917,0.6943401838199131,0.8602890293277472,0.859574255583293,1.0
0.7461953743012875,0.9741228142354316,0.347301272614959,0.7011729517500279,0.8607265613677137,0.860036006497799,1.0
0.741231202781712,0.9748538290282492,0.3373729295758083,0.7078333087512559,0.8611487055524283,0.8604817983880727,1.0
0.7363655318209497,0.9755658992768036,0.3276415876542835,0.714321059904751,0.8615558250587086,0.8609120158457009,1.0
0.7316011563963327,0.9762590063030206,0.31811283680504965,0.7206360350325056,0.861948275349078,0.8613270369652887,1.0
0.726940623789205,0.9769331517436627,0.30879177159079413,0.7267782490472442,0.8623264069169005,0.8617272242083268,1.0
0.7223862099609637,0.9775883536610321,0.2996829439343115,0.7327478665166103,0.8626905581965436,0.8621129288400158,1.0
0.7179400761344081,0.97822464153793,0.2907906762812004,0.7385451560616794,0.8630410683636446,0.8624844984550883,1.0
0.7136039563944464,0.9788420805696579,0.28211843680127685,0.7441707116840908,0.8633782712746693,0.8628422710181418,1.0
0.7093794583450157,0.9794407447235985,0.2736694407024155,0.7496252073088836,0.863702497093787,0.8631865829208244,1.0
0.7052678590590201,0.9800207407461521,0.2654462421304243,0.7549096155143701,0.8640140789017626,0.8635177667416077,1.0
0.7012701004062303,0.9805822017562167,0.25745072482484477,0.7600251491616252,0.864313344250982,0.8638361528173858,1.0
0.6973869902933703,0.9811252750632911,0.2496845045991248,0.7649731504038586,0.8646006231443153,0.8641420708633677,1.0
0.6936188672372207,0.981650150392501,0.24214825848682547,0.7697553478477719,0.8648762450186802,0.8644358490577864,1.0
0.6899659388900007,0.9821570271845752,0.23484240179238544,0.7743735586200047,0.8651405365200195,0.8647178154289175,1.0
0.6864280843992216,0.9826461377768201,0.22776669281082745,0.7788298995715682,0.8653938280092911,0.8649882973757211,1.0
0.6830048660371367,0.9831177394444445,0.22092025608665766,0.7831267147654786,0.8656364448449706,0.865247621684797,1.0
0.6796957246274885,0.9835721020584732,0.2143019732673613,0.7872664630266297,0.865868714293887,0.8654961148858917,1.0
0.6764996941313629,0.9840095309295502,0.20790991227510977,0.7912519260742199,0.8660909613917813,0.8657341019540756,1.0
0.6734157006841504,0.9844303386623687,0.2017419253806848,0.7950859520843437,0.8663035079097869,0.8659619072840666,1.0
0.6704424090622868,0.9848348626688271,0.19579534213695785,0.7987716152542983,0.8665066766089696,0.8661798533697758,1.0
0.6675782432860107,0.9852234571170286,0.19006701058440567,0.8023121424490224,0.8667007833693832,0.8663882601900348,1.0
0.6648215390276688,0.9855964846871211,0.18455360206772187,0.8057108380876437,0.8668861444839421,0.866587446596974,1.0
0.662170349225641,0.9859543295446284,0.17925122246366612,0.8089712023449324,0.8670630701181276,0.8667777264615443,1.0
0.6596226561125257,0.9862973793102278,0.17415583623743544,0.812096766875949,0.8672318664260227,0.8669594119822042,1.0
0.657176277868194,0.9866260350371718,0.16926307974877203,0.8150911857214389,0.8673928369338152,0.8671328106905721,1.0
0.6548288903252871,0.9869407042853003,0.16456830466295833,0.8179581722043878,0.8675462762199467,0.8672982247904757,1.0
0.6525781204314219,0.9872417984512113,0.16006676487522814,0.8207014746049102,0.8676924777322763,0.8674559542387483,1.0
0.650421449639027,0.9875297355617794,0.15575342329043806,0.8233249016123076,0.8678317252176428,0.8676062902357072,1.0
0.6483563266896685,0.9878049333874346,0.1516231773917209,0.8258322595793891,0.8679642979343555,0.8677495212896493,1.0
0.6463801315937034,0.9880678124076865,0.14767078719979077,0.8282273795416837,0.8680904695400795,0.8678859287562116,1.0
0.6444901931314871,0.9883187906165971,0.1438909102753583,0.8305140698895357,0.8682105035105662,0.8680157864090635,1.0
0.642683826095998,0.9885582858788801,0.14027817620437996,0.8326961378347806,0.8683246610632698,0.8681393649303125,1.0
0.6409583159031039,0.9887867107374663,0.13682715581859192,0.8347773421018999,0.8684331915603581,0.8682569236382488,1.0
0.6393109457673245,0.9890044747289335,0.13353241554703316,0.8367614140241572,0.8685363398107068,0.8683687185337851,1.0
0.6377390044356943,0.9892119821290094,0.1303885328837725,0.8386520370026261,0.868634343267181,0.8684749970025617,1.0
0.6362397974703271,0.9894096285215672,0.12739011895303826,0.8404528152459307,0.8687274289969509,0.8685759976770205,1.0
0.6348106415328955,0.9895978066549399,0.12453180707817524,0.8421673271277706,0.8688158212133942,0.8686719556952359,1.0
0.6334489043735969,0.9897768962662038,0.12180833275957785,0.8437990324748414,0.8688997316434329,0.8687630937642282,1.0
0.6321519716866147,0.9899472725010237,0.11921446738561355,0.8453513492809777,0.8689793677416244,0.8688496310823975,1.0
0.6309172823014823,0.9901093004811246,0.11674508861534881,0.846827604210786,0.8690549290039863,0.8689317778452029,1.0
0.6297423336139446,0.9902633332480952,0.11439519124027336,0.848231013865408,0.8691266050289407,0.8690097353047065,1.0
0.6286246488735979,0.9904097197029211,0.11215982175958004,0.8495647571204885,0.8691945826136694,0.869083701285454,1.0
0.6275618475474702,0.9905487911185381,0.11003421910732461,0.8508318522405541,0.8692590354282564,0.8691538609713922,1.0
0.6265515776984482,0.9906808737852939,0.10801367940928035,0.8520352720932178,0.8693201336261529,0.8692203962798277,1.0
0.6255915642959474,0.9908062799986717,0.10609365260427915,0.8531778620373269,0.8693780371265994,0.8692834796210293,1.0
0.6246796088855897,0.9909252954674436,0.10426974178356388,0.8542622251972495,0.8694328793520187,0.8693432684846031,1.0
0.6238135478458687,0.9910382230134219,0.1025376197041218,0.855291120616163,0.8694848195325854,0.8693999277407374,1.0
0.622991316519477,0.9911452190891751,0.10089315705133822,0.8562659737508022,0.8695338376130363,0.8694535487696848,1.0
0.6222108857675425,0.991246465399211,0.09933229554746913,0.8571884401311298,0.8695799499774138,0.8695042345435822,1.0
0.6214702793496766,0.9913418580227816,0.0978510827117372,0.8580575729236609,0.8696228087018528,0.8695519486952763,1.0
0.6207673788619316,0.9914293449038103,0.09644528173624714,0.8588546756174779,0.8696595273644437,0.869595712459695,1.0
0.6201004602990523,0.9915100099624116,0.09511144461048862,0.8595896239291787,0.869691323762043,0.8696360623117252,1.0
0.6194658258865942,0.9915665909477035,0.09384217578557269,0.8601051395729489,0.869695444827386,0.8696646793874004,1.0
0.6188602136319681,0.9915853615187654,0.09263095127632032,0.8602761603315132,0.8696538103365069,0.8696750523418322,1.0
0.6182759916711899,0.9915129380256128,0.09146250735476398,0.859616301838345,0.8694964166889733,0.8696412512696552,1.0
0.6176752384661607,0.9910290393367032,0.09026100094470556,0.8552074471171686,0.8688036075847427,0.8694067797502592,1.0
0.6169890275755903,0.989547954732758,0.08888857916356467,0.8417131207256691,0.8668052957511194,0.8686775419241166,1.0
0.6160059237166033,0.9853307591841648,0.08692237144559073,0.8032897835051538,0.8611893124273788,0.8665109116673417,1.0
0.6142605907564624,0.9750961531678295,0.083431705525309,0.7100411509118756,0.8473720440574493,0.8605410190534505,1.0
0.6114313319359344,0.9575789201960533,0.0777731878842528,0.5504396949468037,0.8230179212032919,0.8476924446568751,1.0
0.6081172037707958,0.9384571493074234,0.07114493155397597,0.3762191157392869,0.7953749999999999,0.8282029679032273,1.0
