Position,Fv_CO2,Fv_H2O,Fv_N2,Fv_O2,Fv_T
0.0,1.7417130263823344,1.6681384637478156,15.300855296283519,1.6855287352087107,20.39623552162238
0.01,1.7030551702087928,1.9865812360527964,15.300855296283519,1.6855287352087107,20.676020437753817
0.02,1.6671741056744984,2.256840115249324,15.300855296283519,1.6855287352087107,20.91039825241605
0.03,1.6333407175134331,2.492745044280545,15.300855296283519,1.6855287352087107,21.112469793286206
0.04,1.6010993126888027,2.7028710141329255,15.300855296283519,1.6855287352087107,21.29035435831396
0.05,1.5701429175976989,2.8924330536461573,15.300855296283519,1.6855287352087107,21.448960002736083
0.06,1.5402019420044442,3.066048774824717,15.300855296283519,1.6855287352087107,21.59263474832139
0.07,1.5111118873278724,3.22648562018155,15.300855296283519,1.6855287352087107,21.723981539001652
0.08,1.4827228463573288,3.3761517290149627,15.300855296283519,1.6855287352087107,21.84525860686452
0.09,1.4549242873109267,3.5168565103391223,15.300855296283519,1.6855287352087107,21.958164829142277
0.1,1.42763214544102,3.649910588006849,15.300855296283519,1.6855287352087107,22.063926764940096
0.11,1.4007704839898953,3.7765043379378263,15.300855296283519,1.6855287352087107,22.16365885341995
0.12,1.374286604074924,3.897461747548831,15.300855296283519,1.6855287352087107,22.25813238311598
0.13,1.3481321134376165,4.013522469442304,15.300855296283519,1.6855287352087107,22.348038614372147
0.14,1.3222694752061224,4.125279522847645,15.300855296283519,1.6855287352087107,22.433933029545994
0.15,1.2966694116455189,4.233193970340814,15.300855296283519,1.6855287352087107,22.516247413478563
0.16,1.2713054451031036,4.337692292559909,15.300855296283519,1.6855287352087107,22.595381769155242
0.17,1.2461594924982078,4.439090286606081,15.300855296283519,1.6855287352087107,22.671633810596518
0.18,1.221215281072489,4.537676078047815,15.300855296283519,1.6855287352087107,22.74527539061253
0.19,1.1964610518531396,4.633688246752861,15.300855296283519,1.6855287352087107,22.816533330098228
0.2,1.1718887807344416,4.7273179851593685,15.300855296283519,1.6855287352087107,22.88559079738604
0.21,1.1474917791862251,4.818743488442979,15.300855296283519,1.6855287352087107,22.952619299121434
0.22,1.1232675225748059,4.908099602677055,15.300855296283519,1.6855287352087107,23.01775115674409
0.23,1.099214464794832,4.995509687056612,15.300855296283519,1.6855287352087107,23.081108183343673
0.24,1.0753334768855742,5.081076163367708,15.300855296283519,1.6855287352087107,23.142793671745512
0.25,1.0516275194635736,5.164880616327754,15.300855296283519,1.6855287352087107,23.202892167283554
0.26,1.0281003125315962,5.246998756631156,15.300855296283519,1.6855287352087107,23.26148310065498
0.27,1.0047579604769903,5.327486257757996,15.300855296283519,1.6855287352087107,23.318628249727215
0.28,0.9816071412693681,5.406393325110751,15.300855296283519,1.6855287352087107,23.37438449787235
0.29,0.9586559072986719,5.4837601782969925,15.300855296283519,1.6855287352087107,23.428800117087892
0.3,0.9359134834440065,5.559616938961818,15.300855296283519,1.6855287352087107,23.481914453898053
0.31,0.9133895074579592,5.633990908086647,15.300855296283519,1.6855287352087107,23.533764447036834
0.32,0.8910948412526513,5.706899749530191,15.300855296283519,1.6855287352087107,23.58437862227507
0.33,0.8690406197857321,5.778358489334171,15.300855296283519,1.6855287352087107,23.63378314061213
0.34,0.8472385692147278,5.848377611134118,15.300855296283519,1.6855287352087107,23.682000211841075
0.35000000000000003,0.8257008412916695,5.9169629872004466,15.300855296283519,1.6855287352087107,23.729047859984345
0.36,0.8044397078616146,5.9841193607916106,15.300855296283519,1.6855287352087107,23.774943100145453
0.37,0.7834676523181177,6.049847674774677,15.300855296283519,1.6855287352087107,23.819699358585023
0.38,0.7627971552767983,6.114147849880254,15.300855296283519,1.6855287352087107,23.86332903664928
0.39,0.742440582689583,6.177018601282965,15.300855296283519,1.6855287352087107,23.905843215464778
0.4,0.7224100455123713,6.238457344637902,15.300855296283519,1.6855287352087107,23.947251421642502
0.41000000000000003,0.7027175104884005,6.298461466012378,15.300855296283519,1.6855287352087107,23.987563007993007
0.42,0.6833742609379067,6.357028252568202,15.300855296283519,1.6855287352087107,24.026786544998338
0.43,0.6643913376493853,6.414154966644974,15.300855296283519,1.6855287352087107,24.06493033578659
0.44,0.645779076984526,6.469839826297967,15.300855296283519,1.6855287352087107,24.10200293477472
0.45,0.6275470129536225,6.524081783674895,15.300855296283519,1.6855287352087107,24.138012828120747
0.46,0.6097043314951407,6.576880454018063,15.300855296283519,1.6855287352087107,24.172968817005433
0.47000000000000003,0.5922588849694438,6.628237555681993,15.300855296283519,1.6855287352087107,24.206880472143666
0.48,0.5752181206636326,6.67815533376415,15.300855296283519,1.6855287352087107,24.239757485920013
0.49,0.5585884080338418,6.726638172150002,15.300855296283519,1.6855287352087107,24.27161061167607
0.5,0.5423749996731787,6.773692201005114,15.300855296283519,1.6855287352087107,24.302451232170522
0.51,0.5265826943692817,6.819324533042082,15.300855296283519,1.6855287352087107,24.33229125890359
0.52,0.511214668517885,6.863545280717802,15.300855296283519,1.6855287352087107,24.361143980727917
0.53,0.49627363683920034,6.906365266430042,15.300855296283519,1.6855287352087107,24.38902293476147
0.54,0.4817611374245923,6.947797754575845,15.300855296283519,1.6855287352087107,24.415942923492665
0.55,0.46767755107343245,6.987857924664155,15.300855296283519,1.6855287352087107,24.441919507229816
0.56,0.4540228075359515,7.02656193422402,15.300855296283519,1.6855287352087107,24.4669687732522
0.5700000000000001,0.4407952954883658,7.063928784515413,15.300855296283519,1.6855287352087107,24.491108111496008
0.58,0.42799298589166135,7.0999780979497045,15.300855296283519,1.6855287352087107,24.514355115333593
0.59,0.41561282000899796,7.134731575024278,15.300855296283519,1.6855287352087107,24.536728426525503
0.6,0.4036507688756563,7.168212420301145,15.300855296283519,1.6855287352087107,24.558247220669028
0.61,0.392102439587944,7.200444591596299,15.300855296283519,1.6855287352087107,24.57893106267647
0.62,0.3809622455057036,7.231454078280547,15.300855296283519,1.6855287352087107,24.59880035527848
0.63,0.3702242918442688,7.261267253144386,15.300855296283519,1.6855287352087107,24.617875576480884
0.64,0.35988195049756866,7.2899118434585155,15.300855296283519,1.6855287352087107,24.63617782544831
0.65,0.3499279341755608,7.317416400247138,15.300855296283519,1.6855287352087107,24.653728365914926
0.66,0.3403547198780338,7.343809909678915,15.300855296283519,1.6855287352087107,24.670548661049178
0.67,0.3311540499018426,7.369122346537469,15.300855296283519,1.6855287352087107,24.68666042793154
0.68,0.32231748943800376,7.39338379709185,15.300855296283519,1.6855287352087107,24.702085318022082
0.6900000000000001,0.3138362053485733,7.41662491195364,15.300855296283519,1.6855287352087107,24.71684514879444
0.7000000000000001,0.30570103373269925,7.4388764779506715,15.300855296283519,1.6855287352087107,24.7309615431756
0.71,0.29790270342587377,7.460169410437333,15.300855296283519,1.6855287352087107,24.744456145355436
0.72,0.29043164552435424,7.480534661588819,15.300855296283519,1.6855287352087107,24.757350338605402
0.73,0.28327823191372964,7.500003065615113,15.300855296283519,1.6855287352087107,24.76966532902107
0.74,0.2764327278426418,7.518605359859421,15.300855296283519,1.6855287352087107,24.781422119194293
0.75,0.26988534143795534,7.536371878825884,15.300855296283519,1.6855287352087107,24.79264125175607
0.76,0.26362627663141897,7.553332849845984,15.300855296283519,1.6855287352087107,24.803343157969632
0.77,0.2576457776562353,7.569517840652362,15.300855296283519,1.6855287352087107,24.813547649800828
0.78,0.25193411670047083,7.584956146713994,15.300855296283519,1.6855287352087107,24.823274294906692
0.79,0.24648166922907622,7.5996765141746065,15.300855296283519,1.6855287352087107,24.832542214895913
0.8,0.24127894302551103,7.613706939149558,15.300855296283519,1.6855287352087107,24.841369913667297
0.81,0.23631651058260936,7.627075174592471,15.300855296283519,1.6855287352087107,24.84977571666731
0.8200000000000001,0.23158520211273337,7.639807830751273,15.300855296283519,1.6855287352087107,24.857777064356235
0.8300000000000001,0.2270759294018507,7.6519311828473295,15.300855296283519,1.6855287352087107,24.86539114374141
0.84,0.22277983150559175,7.663470551931807,15.300855296283519,1.6855287352087107,24.872634414929628
0.85,0.2186882809321003,7.674449244747534,15.300855296283519,1.6855287352087107,24.879521557171863
0.86,0.2147927623583712,7.684892027637257,15.300855296283519,1.6855287352087107,24.886068821487857
0.87,0.21108507030787976,7.6948118846677795,15.300855296283519,1.6855287352087107,24.89228098646789
0.88,0.2075571193953161,7.704223901098137,15.300855296283519,1.6855287352087107,24.898165051985682
0.89,0.20420098542669723,7.713119868017155,15.300855296283519,1.6855287352087107,24.90370488493608
0.9,0.20100814263602398,7.721332387276687,15.300855296283519,1.6855287352087107,24.908724561404938
0.91,0.19797160219719673,7.728950302555402,15.300855296283519,1.6855287352087107,24.91330593624483
0.92,0.19507657054842764,7.7345621861983505,15.300855296283519,1.6855287352087107,24.916022788239008
0.93,0.1923099545106446,7.737046442097164,15.300855296283519,1.6855287352087107,24.915740428100037
0.9400000000000001,0.1896415042006914,7.7320367963102505,15.300855296283519,1.6855287352087107,24.908062332003173
0.9500000000000001,0.18692195518094967,7.69333269366543,15.300855296283519,1.6855287352087107,24.866638680338607
0.96,0.1838800466702637,7.573008377728916,15.300855296283519,1.6855287352087107,24.743272455891407
0.97,0.17968096744146286,7.228665733496081,15.300855296283519,1.6855287352087107,24.394730732429775
0.98,0.17245250459929135,6.390965832963767,15.300855296283519,1.6855287352087107,23.549802369055286
0.99,0.1608347938624726,4.955039264736414,15.300855296283519,1.6855287352087107,22.102258090091116
1.0,0.14720285153408252,3.3865149366410305,15.300855296283519,1.6855287352087107,20.520101819667342
