legacy_case_id,appendix_style_case_id,appendix_case_source,case_group,lean_solvent_flow_kg_hr,lean_solvent_flow_kg_s,lean_solvent_temperature_C,lean_solvent_temperature_K,lean_loading_mol_co2_per_mol_mea,lean_mea_weight_fraction,gas_flow_kg_hr,gas_flow_kg_s,gas_temperature_C,gas_temperature_K,inlet_co2_mol_percent,inlet_co2_mole_fraction,pressure_kPa,pressure_Pa,beds,intercoolers,source_table,capture_liquid_side_pct,capture_gas_side_pct,morgan_original_model_capture_pct,morgan_uncertainty_model_capture_pct,capture_source_table,L,G,alpha,w_MEA,y_CO2,Tl,Tv,P,package_capture_gas_side_pct
K1,1A,mapped from 2018 K-row by bed/intercooler group and Appendix-C ordering,A: three beds with two intercoolers,6804.0,1.89,40.97,314.12,0.145,0.298,2248.0,0.6244444444444445,42.48,315.63,11.55,0.1155,108.82,108820.0,3,2,Morgan et al. 2018 Supporting Information Table S1,89.45,99.91,99.96,99.95,Morgan et al. 2018 Supporting Information Table S3,1.89,0.6244,0.145,0.298,0.1155,314.12,315.63,108820,99.91
K2,2A,mapped from 2018 K-row by bed/intercooler group and Appendix-C ordering,A: three beds with two intercoolers,11794.0,3.276111111111111,40.52,313.66999999999996,0.247,0.312,2243.0,0.6230555555555556,44.94,318.09,11.4,0.114,107.06,107060.0,3,2,Morgan et al. 2018 Supporting Information Table S1,93.26,99.49,99.84,99.78,Morgan et al. 2018 Supporting Information Table S3,3.276,0.6231,0.247,0.312,0.114,313.67,318.09,107060,99.49
K3,3A,mapped from 2018 K-row by bed/intercooler group and Appendix-C ordering,A: three beds with two intercoolers,3175.0,0.8819444444444444,45.68,318.83,0.091,0.295,2242.0,0.6227777777777778,43.67,316.82,10.58,0.1058,107.78,107780.0,3,2,Morgan et al. 2018 Supporting Information Table S1,72.9,83.57,77.33,76.46,Morgan et al. 2018 Supporting Information Table S3,0.882,0.6228,0.091,0.295,0.1058,318.83,316.82,107780,83.57
K4,4A,mapped from 2018 K-row by bed/intercooler group and Appendix-C ordering,A: three beds with two intercoolers,3175.0,0.8819444444444444,46.72,319.87,0.083,0.31,2243.0,0.6230555555555556,44.73,317.88,11.45,0.11449999999999999,107.65,107650.0,3,2,Morgan et al. 2018 Supporting Information Table S1,70.86,78.1,76.5,75.72,Morgan et al. 2018 Supporting Information Table S3,0.882,0.6231,0.083,0.31,0.1145,319.87,317.88,107650,78.1
K5,5A,mapped from 2018 K-row by bed/intercooler group and Appendix-C ordering,A: three beds with two intercoolers,6804.0,1.89,41.57,314.71999999999997,0.108,0.306,2235.0,0.6208333333333333,43.78,316.92999999999995,9.19,0.0919,106.94,106940.0,3,2,Morgan et al. 2018 Supporting Information Table S1,90.69,99.53,99.98,99.98,Morgan et al. 2018 Supporting Information Table S3,1.89,0.6208,0.108,0.306,0.0919,314.72,316.93,106940,99.53
K6,6A,mapped from 2018 K-row by bed/intercooler group and Appendix-C ordering,A: three beds with two intercoolers,6804.0,1.89,40.87,314.02,0.347,0.307,2237.0,0.6213888888888889,42.18,315.33,9.12,0.09119999999999999,107.1,107100.0,3,2,Morgan et al. 2018 Supporting Information Table S1,58.89,59.03,68.16,60.59,Morgan et al. 2018 Supporting Information Table S3,1.89,0.6214,0.347,0.307,0.0912,314.02,315.33,107100,59.03
K7,7A,mapped from 2018 K-row by bed/intercooler group and Appendix-C ordering,A: three beds with two intercoolers,11791.0,3.2752777777777777,40.62,313.77,0.399,0.288,2233.0,0.6202777777777778,44.72,317.87,9.18,0.09179999999999999,107.3,107300.0,3,2,Morgan et al. 2018 Supporting Information Table S1,57.5,54.76,69.82,57.67,Morgan et al. 2018 Supporting Information Table S3,3.275,0.6203,0.399,0.288,0.0918,313.77,317.87,107300,54.76
K8,8A,mapped from 2018 K-row by bed/intercooler group and Appendix-C ordering,A: three beds with two intercoolers,11643.0,3.234166666666667,40.57,313.71999999999997,0.154,0.285,2237.0,0.6213888888888889,42.47,315.62,9.2,0.092,107.26,107260.0,3,2,Morgan et al. 2018 Supporting Information Table S1,93.92,98.07,99.95,99.95,Morgan et al. 2018 Supporting Information Table S3,3.234,0.6214,0.154,0.285,0.092,313.72,315.62,107260,98.07
K9,9A,mapped from 2018 K-row by bed/intercooler group and Appendix-C ordering,A: three beds with two intercoolers,3175.0,0.8819444444444444,42.66,315.80999999999995,0.239,0.311,2232.0,0.62,44.87,318.02,9.22,0.0922,107.49,107490.0,3,2,Morgan et al. 2018 Supporting Information Table S1,52.3,55.48,57.55,54.85,Morgan et al. 2018 Supporting Information Table S3,0.882,0.62,0.239,0.311,0.0922,315.81,318.02,107490,55.48
K10,10A,mapped from 2018 K-row by bed/intercooler group and Appendix-C ordering,A: three beds with two intercoolers,3175.0,0.8819444444444444,48.59,321.74,0.062,0.297,2237.0,0.6213888888888889,42.15,315.29999999999995,9.18,0.09179999999999999,107.71,107710.0,3,2,Morgan et al. 2018 Supporting Information Table S1,89.69,98.43,95.35,94.69,Morgan et al. 2018 Supporting Information Table S3,0.882,0.6214,0.062,0.297,0.0918,321.74,315.3,107710,98.43
K11,11A,mapped from 2018 K-row by bed/intercooler group and Appendix-C ordering,A: three beds with two intercoolers,6804.0,1.89,40.83,313.97999999999996,0.161,0.293,2237.0,0.6213888888888889,44.4,317.54999999999995,10.01,0.1001,107.2,107200.0,3,2,Morgan et al. 2018 Supporting Information Table S1,91.63,99.75,99.93,99.92,Morgan et al. 2018 Supporting Information Table S3,1.89,0.6214,0.161,0.293,0.1001,313.98,317.55,107200,99.75
K12,12A,mapped from 2018 K-row by bed/intercooler group and Appendix-C ordering,A: three beds with two intercoolers,6804.0,1.89,40.92,314.07,0.16,0.293,2231.0,0.6197222222222222,43.24,316.39,8.24,0.0824,106.37,106370.0,3,2,Morgan et al. 2018 Supporting Information Table S1,92.47,99.61,99.93,99.92,Morgan et al. 2018 Supporting Information Table S3,1.89,0.6197,0.16,0.293,0.0824,314.07,316.39,106370,99.61
K13,1B,mapped from 2018 K-row by bed/intercooler group and Appendix-C ordering,B: three beds without intercoolers,6804.0,1.89,41.93,315.08,0.164,0.303,2238.0,0.6216666666666667,42.09,315.24,9.35,0.0935,107.56,107560.0,3,0,Morgan et al. 2018 Supporting Information Table S1,89.84,97.98,98.36,98.11,Morgan et al. 2018 Supporting Information Table S3,1.89,0.6217,0.164,0.303,0.0935,315.08,315.24,107560,97.98
K14,13A,mapped from 2018 K-row by bed/intercooler group and Appendix-C ordering,A: three beds with two intercoolers,8845.0,2.4569444444444444,40.41,313.55999999999995,0.224,0.303,2895.0,0.8041666666666667,47.67,320.82,9.01,0.0901,107.86,107860.0,3,2,Morgan et al. 2018 Supporting Information Table S1,92.89,98.27,99.32,98.88,Morgan et al. 2018 Supporting Information Table S3,2.457,0.8042,0.224,0.303,0.0901,313.56,320.82,107860,97.98
K15,14A,mapped from 2018 K-row by bed/intercooler group and Appendix-C ordering,A: three beds with two intercoolers,8845.0,2.4569444444444444,40.6,313.75,0.224,0.313,2908.0,0.8077777777777778,42.83,315.97999999999996,9.07,0.0907,108.08,108080.0,3,2,Morgan et al. 2018 Supporting Information Table S1,91.72,99.42,99.44,99.11,Morgan et al. 2018 Supporting Information Table S3,2.457,0.8078,0.224,0.313,0.0907,313.75,315.98,108080,98.27
K16,15A,mapped from 2018 K-row by bed/intercooler group and Appendix-C ordering,A: three beds with two intercoolers,4128.0,1.1466666666666667,44.45,317.59999999999997,0.124,0.329,2903.0,0.8063888888888889,45.42,318.57,9.21,0.09210000000000002,108.7,108700.0,3,2,Morgan et al. 2018 Supporting Information Table S1,84.74,93.54,87.54,86.06,Morgan et al. 2018 Supporting Information Table S3,1.147,0.8064,0.124,0.329,0.0921,317.6,318.57,108700,99.42
K17,1D,mapped from 2018 K-row by bed/intercooler group and Appendix-C ordering,D: two beds with 0 intercooler(s),6804.0,1.89,42.03,315.17999999999995,0.168,0.307,2240.0,0.6222222222222222,41.03,314.17999999999995,9.19,0.0919,108.12,108120.0,2,0,Morgan et al. 2018 Supporting Information Table S1,88.92,97.61,98.18,97.88,Morgan et al. 2018 Supporting Information Table S3,1.89,0.6222,0.168,0.307,0.0919,315.18,314.18,108120,97.61
K18,1C,mapped from 2018 K-row by bed/intercooler group and Appendix-C ordering,C: one bed without intercoolers,6804.0,1.89,42.24,315.39,0.141,0.302,2271.0,0.6308333333333334,46.07,319.21999999999997,10.19,0.10189999999999999,109.18,109180.0,1,0,Morgan et al. 2018 Supporting Information Table S1,85.72,92.85,94.36,93.71,Morgan et al. 2018 Supporting Information Table S3,1.89,0.6308,0.141,0.302,0.1019,315.39,319.22,109180,92.85
K19,2C,mapped from 2018 K-row by bed/intercooler group and Appendix-C ordering,C: one bed without intercoolers,11793.0,3.2758333333333334,40.9,314.04999999999995,0.184,0.278,1440.0,0.4,46.18,319.33,11.0,0.11,108.02,108020.0,1,0,Morgan et al. 2018 Supporting Information Table S1,93.18,98.21,98.91,98.73,Morgan et al. 2018 Supporting Information Table S3,3.276,0.4,0.184,0.278,0.11,314.05,319.33,108020,98.21
K20,3C,mapped from 2018 K-row by bed/intercooler group and Appendix-C ordering,C: one bed without intercoolers,3175.0,0.8819444444444444,45.3,318.45,0.075,0.276,1324.0,0.36777777777777776,46.09,319.24,10.98,0.10980000000000001,108.12,108120.0,1,0,Morgan et al. 2018 Supporting Information Table S1,89.92,95.55,98.02,97.81,Morgan et al. 2018 Supporting Information Table S3,0.882,0.3678,0.075,0.276,0.1098,318.45,319.24,108120,95.55
K21,2D,mapped from 2018 K-row by bed/intercooler group and Appendix-C ordering,D: two beds with 0 intercooler(s),3175.0,0.8819444444444444,45.18,318.33,0.074,0.271,1366.0,0.3794444444444444,46.11,319.26,10.18,0.1018,107.76,107760.0,2,0,Morgan et al. 2018 Supporting Information Table S1,90.05,96.32,99.72,99.69,Morgan et al. 2018 Supporting Information Table S3,0.882,0.3794,0.074,0.271,0.1018,318.33,319.26,107760,96.32
K22,3D,mapped from 2018 K-row by bed/intercooler group and Appendix-C ordering,D: two beds with 1 intercooler(s),6804.0,1.89,41.24,314.39,0.13,0.281,1379.0,0.38305555555555554,46.06,319.21,10.92,0.1092,107.51,107510.0,2,1,Morgan et al. 2018 Supporting Information Table S1,94.58,99.49,99.97,99.97,Morgan et al. 2018 Supporting Information Table S3,1.89,0.3831,0.13,0.281,0.1092,314.39,319.21,107510,99.49
K23,4D,mapped from 2018 K-row by bed/intercooler group and Appendix-C ordering,D: two beds with 1 intercooler(s),6804.0,1.89,41.23,314.38,0.138,0.281,1418.0,0.3938888888888889,46.11,319.26,10.13,0.1013,107.37,107370.0,2,1,Morgan et al. 2018 Supporting Information Table S1,92.61,99.58,99.96,99.96,Morgan et al. 2018 Supporting Information Table S3,1.89,0.3939,0.138,0.281,0.1013,314.38,319.26,107370,99.58
